geocod,geodsg,dim_3_t,municip,<1 ano,ars,nuts3,aces2,0 - 4 anos,5 - 9 anos,10 - 14 anos,15 - 19 anos,20 - 24 anos,25 - 29 anos,30 - 34 anos,35 - 39 anos,40 - 44 anos,45 - 49 anos,50 - 54 anos,55 - 59 anos,60 - 64 anos,65 - 69 anos,70 - 74 anos,75 - 80 anos,81 - 84 anos,85 e mais anos,Total
1601,Arcos de Valdevez,H,Arcos de Valdevez,56,Norte,Alto Minho,ULS Alto Minho,201,309,376,421,476,407,435,531,588,654,609,637,736,807,737,629,470,404,9483
1601,Arcos de Valdevez,M,Arcos de Valdevez,54,Norte,Alto Minho,ULS Alto Minho,232,316,379,456,437,404,418,557,629,666,608,788,880,949,939,878,770,875,11235
1602,Caminha,H,Caminha,42,Norte,Alto Minho,ULS Alto Minho,213,301,345,325,366,362,351,459,510,485,498,527,587,552,501,414,283,224,7345
1602,Caminha,M,Caminha,38,Norte,Alto Minho,ULS Alto Minho,209,285,295,318,362,349,382,473,549,598,604,667,636,627,595,540,428,497,8452
1603,Melgaço,M,Melgaço,14,Norte,Alto Minho,ULS Alto Minho,62,87,120,129,140,120,120,164,204,234,255,308,391,392,429,394,356,402,4321
1603,Melgaço,H,Melgaço,12,Norte,Alto Minho,ULS Alto Minho,63,102,118,121,129,133,119,166,173,228,205,226,323,336,302,288,223,185,3452
1604,Monção,H,Monção,50,Norte,Alto Minho,ULS Alto Minho,197,289,346,350,330,376,375,451,582,541,538,548,714,682,614,502,395,280,8160
1604,Monção,M,Monção,33,Norte,Alto Minho,ULS Alto Minho,210,262,331,351,381,320,355,517,600,585,626,725,756,844,809,663,599,689,9656
1605,Paredes de Coura,H,Paredes de Coura,25,Norte,Alto Minho,ULS Alto Minho,118,141,189,206,202,179,220,257,270,317,311,297,298,286,307,209,164,148,4144
1605,Paredes de Coura,M,Paredes de Coura,25,Norte,Alto Minho,ULS Alto Minho,126,145,180,184,168,156,202,248,291,309,270,314,326,349,342,301,234,318,4488
1606,Ponte da Barca,H,Ponte da Barca,28,Norte,Alto Minho,ULS Alto Minho,118,201,208,268,304,244,251,276,371,359,375,395,360,359,322,270,235,195,5139
1606,Ponte da Barca,M,Ponte da Barca,34,Norte,Alto Minho,ULS Alto Minho,136,199,221,232,269,261,239,319,357,426,395,428,439,431,463,391,318,347,5905
1607,Ponte de Lima,H,Ponte de Lima,140,Norte,Alto Minho,ULS Alto Minho,561,819,953,1145,1185,1069,1033,1200,1347,1595,1496,1434,1247,1132,1066,800,656,515,19393
1607,Ponte de Lima,M,Ponte de Lima,163,Norte,Alto Minho,ULS Alto Minho,539,741,976,1067,1154,1066,998,1291,1509,1706,1628,1599,1434,1357,1279,1194,940,1130,21771
1608,Valença,H,Valença,36,Norte,Alto Minho,ULS Alto Minho,208,275,327,323,361,344,363,408,447,494,447,429,429,431,413,302,215,168,6420
1608,Valença,M,Valença,41,Norte,Alto Minho,ULS Alto Minho,201,262,280,320,333,327,364,474,500,542,493,483,498,500,496,393,350,346,7203
1609,Viana do Castelo,H,Viana do Castelo,298,Norte,Alto Minho,ULS Alto Minho,1348,1690,1911,2084,2317,2181,2060,2475,2981,3047,2960,2906,3001,2760,2356,1811,1248,1065,40499
1609,Viana do Castelo,M,Viana do Castelo,267,Norte,Alto Minho,ULS Alto Minho,1271,1655,1777,2074,2194,2059,2170,2654,3207,3393,3397,3443,3466,3177,2744,2357,1873,2101,45279
1610,Vila Nova de Cerveira,H,Vila Nova de Cerveira,27,Norte,Alto Minho,ULS Alto Minho,145,148,226,233,240,263,244,285,298,347,309,284,266,278,263,211,133,120,4320
1610,Vila Nova de Cerveira,M,Vila Nova de Cerveira,28,Norte,Alto Minho,ULS Alto Minho,122,155,200,187,196,204,222,259,325,354,323,286,333,322,338,262,223,262,4601
0301,Amares,H,Amares,72,Norte,Cávado,ACeS Gerês/Cabreira,328,366,515,553,592,491,491,575,671,694,681,618,639,534,469,344,241,204,9078
0301,Amares,M,Amares,59,Norte,Cávado,ACeS Gerês/Cabreira,283,349,434,486,552,504,524,590,728,737,730,706,629,579,523,390,355,359,9517
0302,Barcelos,H,Barcelos,393,Norte,Cávado,ACeS Barcelos/Esposende,1851,2353,2936,3402,3860,3413,3133,3477,4261,4685,4522,4285,3713,3296,2669,1770,1234,965,56218
0302,Barcelos,M,Barcelos,352,Norte,Cávado,ACeS Barcelos/Esposende,1792,2286,2752,3149,3646,3328,3207,3651,4642,5125,4768,4621,4134,3760,3082,2344,1894,2001,60534
0303,Braga,H,Braga,849,Norte,Cávado,ACeS Braga,3527,4479,4904,5442,5780,5764,5799,6577,7219,7327,6756,6641,5788,5021,4010,2770,1851,1598,92102
0303,Braga,M,Braga,686,Norte,Cávado,ACeS Braga,3331,4199,4778,5161,5593,5771,6075,7061,8085,8369,7836,7640,6714,5860,4820,3379,2756,3108,101222
0306,Esposende,H,Esposende,137,Norte,Cávado,ACeS Barcelos/Esposende,630,813,905,964,976,966,932,1127,1354,1334,1223,1197,1115,957,865,615,364,315,16789
0306,Esposende,M,Esposende,115,Norte,Cávado,ACeS Barcelos/Esposende,577,770,829,943,1013,954,1033,1218,1455,1496,1396,1386,1233,1081,965,739,554,586,18343
0310,Terras de Bouro,H,Terras de Bouro,19,Norte,Cávado,ACeS Gerês/Cabreira,83,106,126,181,155,134,134,153,175,216,248,269,256,209,216,164,125,105,3074
0310,Terras de Bouro,M,Terras de Bouro,15,Norte,Cávado,ACeS Gerês/Cabreira,64,91,141,148,157,144,128,180,189,226,245,274,252,226,247,169,179,209,3284
0313,Vila Verde,H,Vila Verde,183,Norte,Cávado,ACeS Gerês/Cabreira,755,1070,1175,1369,1346,1228,1231,1474,1716,1737,1604,1559,1432,1230,1092,840,644,538,22223
0313,Vila Verde,M,Vila Verde,162,Norte,Cávado,ACeS Gerês/Cabreira,759,914,1110,1279,1375,1233,1254,1596,1874,1903,1700,1702,1566,1409,1268,1066,906,1145,24221
0304,Cabeceiras de Basto,H,Cabeceiras de Basto,49,Norte,Ave,ACeS Guimarães/Vizela/Terras de Basto,224,338,381,478,463,436,390,448,504,577,576,562,587,482,344,269,226,225,7559
0304,Cabeceiras de Basto,M,Cabeceiras de Basto,49,Norte,Ave,ACeS Guimarães/Vizela/Terras de Basto,198,303,375,418,467,415,404,488,575,585,529,618,597,485,370,356,342,425,7999
0307,Fafe,M,Fafe,156,Norte,Ave,ACeS Guimarães/Vizela/Terras de Basto,650,856,1014,1237,1375,1310,1308,1521,1816,1981,1946,1904,1915,1821,1485,1173,968,974,25410
0307,Fafe,H,Fafe,159,Norte,Ave,ACeS Guimarães/Vizela/Terras de Basto,760,960,1128,1277,1403,1229,1288,1393,1742,1826,1746,1711,1700,1635,1245,863,560,462,23087
0308,Guimarães,H,Guimarães,634,Norte,Ave,ACeS Guimarães/Vizela/Terras de Basto,2605,3225,3667,4141,4826,4585,4479,5015,5610,6116,6002,5897,5339,4801,3658,2348,1662,1211,75821
0308,Guimarães,M,Guimarães,541,Norte,Ave,ACeS Guimarães/Vizela/Terras de Basto,2500,2994,3419,3850,4549,4342,4472,5170,6024,6612,6541,6511,5837,5458,4219,3150,2439,2381,81009
1705,Mondim de Basto,H,Mondim de Basto,13,Norte,Ave,ACeS Guimarães/Vizela/Terras de Basto,74,128,144,177,183,139,140,137,186,215,252,248,272,236,173,156,132,94,3099
1705,Mondim de Basto,M,Mondim de Basto,11,Norte,Ave,ACeS Guimarães/Vizela/Terras de Basto,75,84,123,182,161,144,128,175,206,228,248,302,242,254,197,201,170,180,3311
0309,Póvoa de Lanhoso,H,Póvoa de Lanhoso,82,Norte,Ave,ACeS Gerês/Cabreira,313,451,553,632,661,544,532,626,686,835,748,799,820,709,550,390,273,246,10450
0309,Póvoa de Lanhoso,M,Póvoa de Lanhoso,65,Norte,Ave,ACeS Gerês/Cabreira,296,412,487,621,597,546,587,687,803,846,883,925,862,743,576,487,412,490,11325
0311,Vieira do Minho,H,Vieira do Minho,35,Norte,Ave,ACeS Gerês/Cabreira,138,181,245,269,349,274,242,275,355,411,401,462,505,454,385,312,220,200,5713
0311,Vieira do Minho,M,Vieira do Minho,29,Norte,Ave,ACeS Gerês/Cabreira,129,183,211,272,295,264,271,344,365,422,464,481,553,468,425,349,332,385,6242
0312,Vila Nova de Famalicão,H,Vila Nova de Famalicão,508,Norte,Ave,ACeS Famalicão,2217,2773,3254,3651,4035,3989,3814,4202,4905,5249,5061,5023,4334,3826,3146,2016,1396,1050,64449
0312,Vila Nova de Famalicão,M,Vila Nova de Famalicão,489,Norte,Ave,ACeS Famalicão,2157,2653,3058,3446,3909,3714,3677,4475,5382,5698,5558,5316,4702,4498,3643,2580,2058,2072,69085
0314,Vizela,H,Vizela,84,Norte,Ave,ACeS Guimarães/Vizela/Terras de Basto,431,506,548,645,805,757,737,783,837,963,993,922,762,720,486,302,212,152,11645
0314,Vizela,M,Vizela,98,Norte,Ave,ACeS Guimarães/Vizela/Terras de Basto,427,425,547,629,749,718,748,813,938,1012,974,979,883,717,586,411,322,275,12251
0104,Arouca,H,Arouca,75,Norte,Área Metropolitana do Porto,ACeS Feira/Arouca,295,432,547,519,593,564,498,636,739,823,742,809,746,678,556,381,282,255,10170
0104,Arouca,M,Arouca,62,Norte,Área Metropolitana do Porto,ACeS Feira/Arouca,318,425,520,578,596,496,541,649,732,781,808,821,770,751,653,537,436,502,10976
0107,Espinho,H,Espinho,81,Norte,Área Metropolitana do Porto,ACeS Gaia e Espinho/Gaia,399,530,626,773,830,733,669,847,951,1044,1077,1098,1103,1050,981,702,563,404,14461
0107,Espinho,M,Espinho,101,Norte,Área Metropolitana do Porto,ACeS Gaia e Espinho/Gaia,397,555,611,750,773,721,681,880,981,1159,1213,1360,1326,1323,1189,964,784,814,16582
1304,Gondomar,H,Gondomar,550,Norte,Área Metropolitana do Porto,ACeS Gondomar,2545,3348,3973,4389,4724,4340,4413,5010,5559,6246,6012,6042,5513,4844,4214,3007,1896,1366,77991
1304,Gondomar,M,Gondomar,605,Norte,Área Metropolitana do Porto,ACeS Gondomar,2523,3181,3739,4147,4499,4461,4676,5382,6148,6892,7021,6761,6463,5638,5108,3682,2700,2640,86266
1306,Maia,H,Maia,465,Norte,Área Metropolitana do Porto,ACeS Maia/Valongo,2236,3153,3576,3789,3739,3426,3667,4451,5114,5538,5020,4606,3976,3449,3168,2273,1452,1029,64127
1306,Maia,M,Maia,478,Norte,Área Metropolitana do Porto,ACeS Maia/Valongo,2234,2942,3397,3626,3638,3412,3846,4756,5722,6308,5751,5299,4676,4204,3838,2723,1948,2052,70850
1308,Matosinhos,H,Matosinhos,638,Norte,Área Metropolitana do Porto,ULS Matosinhos,2808,3556,4042,4174,4445,4578,4661,5431,5946,6337,5927,5925,5774,5271,4715,3297,2102,1598,81225
1308,Matosinhos,M,Matosinhos,588,Norte,Área Metropolitana do Porto,ULS Matosinhos,2682,3389,3931,3989,4346,4431,4929,5721,6660,7242,6834,7125,6946,6473,5651,4258,3008,3129,91332
0113,Oliveira de Azeméis,H,Oliveira de Azeméis,214,Norte,Área Metropolitana do Porto,ACeS Aveiro Norte,1018,1273,1468,1568,1865,1794,1792,1905,2257,2533,2595,2573,2389,2028,1781,1327,889,751,32020
0113,Oliveira de Azeméis,M,Oliveira de Azeméis,187,Norte,Área Metropolitana do Porto,ACeS Aveiro Norte,907,1245,1367,1613,1864,1612,1784,2034,2274,2694,2651,2817,2613,2230,2003,1620,1344,1296,34155
1310,Paredes,M,Paredes,324,Norte,Área Metropolitana do Porto,ACeS Vale do Sousa Sul,1358,1807,2249,2577,2642,2423,2414,2894,3506,3785,3638,3360,2857,2358,1889,1439,1076,916,43512
1310,Paredes,H,Paredes,356,Norte,Área Metropolitana do Porto,ACeS Vale do Sousa Sul,1451,1888,2260,2635,2836,2430,2371,2676,3179,3518,3292,3251,2585,2150,1643,1106,723,492,40842
1312,Porto,H,Porto,806,Norte,Área Metropolitana do Porto,ACeS Porto Ocidental e Porto Oriental,3570,4437,4653,5318,6443,7332,7260,7172,7201,7437,6909,7269,6843,6572,6041,4540,3378,2972,106153
1312,Porto,M,Porto,801,Norte,Área Metropolitana do Porto,ACeS Porto Ocidental e Porto Oriental,3291,4290,4586,5076,6399,7323,7473,7469,7865,8239,8130,9063,8935,8748,8499,6873,5722,6865,125647
1313,Póvoa de Varzim,H,Póvoa de Varzim,236,Norte,Área Metropolitana do Porto,ACeS Póvoa de Varzim/Vila do Conde,1007,1347,1711,1887,1903,1822,1708,1887,2288,2429,2274,2077,2014,1794,1584,1078,691,501,30238
1313,Póvoa de Varzim,M,Póvoa de Varzim,216,Norte,Área Metropolitana do Porto,ACeS Póvoa de Varzim/Vila do Conde,998,1332,1680,1764,1832,1833,1809,2142,2490,2789,2615,2588,2355,2160,1873,1489,1040,1012,34017
0109,Santa Maria da Feira,H,Santa Maria da Feira,514,Norte,Área Metropolitana do Porto,ACeS Feira/Arouca,2216,2839,3244,3627,3942,3713,3694,4036,4977,5243,5123,5286,4817,4041,3304,2406,1595,1263,65880
0109,Santa Maria da Feira,M,Santa Maria da Feira,445,Norte,Área Metropolitana do Porto,ACeS Feira/Arouca,2132,2725,3051,3470,3831,3604,3669,4384,5267,5670,5572,5752,5204,4522,3818,3067,2330,2281,70794
1314,Santo Tirso,H,Santo Tirso,229,Norte,Área Metropolitana do Porto,ACeS Santo Tirso/Trofa,949,1195,1357,1647,1908,1791,1779,1909,2278,2470,2479,2577,2375,2339,1974,1316,946,723,32241
1314,Santo Tirso,M,Santo Tirso,185,Norte,Área Metropolitana do Porto,ACeS Santo Tirso/Trofa,915,1179,1336,1611,1829,1749,1713,1977,2518,2624,2804,2958,2700,2632,2310,1656,1380,1392,35468
0116,São João da Madeira,H,São João da Madeira,73,Norte,Área Metropolitana do Porto,ACeS Aveiro Norte,342,458,521,564,633,595,596,677,775,785,794,753,732,658,512,391,284,237,10380
0116,São João da Madeira,M,São João da Madeira,67,Norte,Área Metropolitana do Porto,ACeS Aveiro Norte,264,440,515,536,603,593,621,698,852,958,919,955,918,809,649,515,418,433,11763
1318,Trofa,H,Trofa,144,Norte,Área Metropolitana do Porto,ACeS Santo Tirso/Trofa,633,765,885,1019,1169,1112,1140,1246,1391,1458,1421,1476,1195,1136,942,619,444,278,18473
1318,Trofa,M,Trofa,146,Norte,Área Metropolitana do Porto,ACeS Santo Tirso/Trofa,610,775,862,1014,1113,1112,1164,1287,1461,1629,1608,1598,1434,1249,1082,767,598,566,20075
0119,Vale de Cambra,H,Vale de Cambra,62,Norte,Área Metropolitana do Porto,ACeS Aveiro Norte,292,394,444,490,545,550,505,600,713,768,724,767,790,746,695,523,343,327,10278
0119,Vale de Cambra,M,Vale de Cambra,81,Norte,Área Metropolitana do Porto,ACeS Aveiro Norte,267,346,380,479,478,485,522,603,702,810,866,800,812,882,749,631,552,546,10991
1315,Valongo,H,Valongo,373,Norte,Área Metropolitana do Porto,ACeS Maia/Valongo,1636,2080,2462,2567,2655,2615,2724,3120,3556,3774,3329,3182,2902,2601,2221,1509,997,670,44973
1315,Valongo,M,Valongo,383,Norte,Área Metropolitana do Porto,ACeS Maia/Valongo,1536,1994,2282,2510,2581,2622,2857,3391,3998,4216,3755,3730,3437,3119,2619,1919,1455,1295,49699
1316,Vila do Conde,H,Vila do Conde,324,Norte,Área Metropolitana do Porto,ACeS Póvoa de Varzim/Vila do Conde,1426,1832,2136,2182,2177,2178,2157,2623,3040,3224,2917,2940,2491,2214,1969,1372,891,624,38717
1316,Vila do Conde,M,Vila do Conde,303,Norte,Área Metropolitana do Porto,ACeS Póvoa de Varzim/Vila do Conde,1356,1748,1991,2113,2151,2022,2265,2832,3331,3419,3205,3240,2772,2684,2256,1775,1307,1338,42108
1317,Vila Nova de Gaia,H,Vila Nova de Gaia,1155,Norte,Área Metropolitana do Porto,ACeS Gaia e Espinho/Gaia,4960,6443,7446,7948,8408,7890,8391,9286,10776,11776,10760,10752,9677,8837,7867,5417,3617,2693,144099
1317,Vila Nova de Gaia,M,Vila Nova de Gaia,1042,Norte,Área Metropolitana do Porto,ACeS Gaia e Espinho/Gaia,4752,6110,7004,7510,8195,8269,8724,10198,11817,13174,12493,12388,11470,10453,9266,6645,5000,5215,159725
1702,Boticas,H,Boticas,11,Norte,Alto Tâmega,ACeS Alto Tâmega e Barroso,63,65,83,96,74,85,92,116,146,144,174,191,229,220,187,159,124,133,2392
1702,Boticas,M,Boticas,6,Norte,Alto Tâmega,ACeS Alto Tâmega e Barroso,46,70,82,107,92,79,110,132,149,129,151,179,244,241,207,223,181,180,2608
1703,Chaves,H,Chaves,106,Norte,Alto Tâmega,ACeS Alto Tâmega e Barroso,489,626,705,852,859,721,761,896,1146,1225,1230,1345,1511,1501,1347,1053,757,708,17838
1703,Chaves,M,Chaves,97,Norte,Alto Tâmega,ACeS Alto Tâmega e Barroso,461,581,672,823,796,714,820,964,1187,1283,1380,1621,1628,1632,1486,1262,1133,1212,19752
1706,Montalegre,M,Montalegre,18,Norte,Alto Tâmega,ACeS Alto Tâmega e Barroso,99,103,131,168,168,149,159,201,232,246,272,393,421,441,403,407,347,433,4791
1706,Montalegre,H,Montalegre,16,Norte,Alto Tâmega,ACeS Alto Tâmega e Barroso,85,120,113,157,196,152,166,208,242,273,268,402,432,416,400,328,257,239,4470
1709,Ribeira de Pena,H,Ribeira de Pena,17,Norte,Alto Tâmega,ACeS Alto Tâmega e Barroso,77,124,126,142,112,127,122,138,172,211,193,218,283,256,182,168,136,96,2900
1709,Ribeira de Pena,M,Ribeira de Pena,14,Norte,Alto Tâmega,ACeS Alto Tâmega e Barroso,70,76,110,117,131,111,137,146,167,185,196,240,278,230,208,200,156,212,2984
1712,Valpaços,H,Valpaços,29,Norte,Alto Tâmega,ACeS Alto Tâmega e Barroso,150,198,249,281,282,218,256,257,376,400,460,583,565,710,619,491,418,346,6888
1712,Valpaços,M,Valpaços,32,Norte,Alto Tâmega,ACeS Alto Tâmega e Barroso,138,193,211,280,279,237,251,297,391,418,480,585,656,741,735,651,556,682,7813
1713,Vila Pouca de Aguiar,H,Vila Pouca de Aguiar,24,Norte,Alto Tâmega,ACeS Alto Tâmega e Barroso,121,162,191,219,274,202,230,243,336,345,413,502,517,551,456,378,241,209,5614
1713,Vila Pouca de Aguiar,M,Vila Pouca de Aguiar,39,Norte,Alto Tâmega,ACeS Alto Tâmega e Barroso,118,160,204,243,277,236,240,248,357,343,399,510,581,540,510,460,336,397,6198
1301,Amarante,H,Amarante,181,Norte,Tâmega e Sousa,ACeS Baixo Tâmega,701,1024,1191,1447,1615,1307,1244,1412,1737,1894,2002,2000,1841,1702,1325,885,708,524,24740
1301,Amarante,M,Amarante,149,Norte,Tâmega e Sousa,ACeS Baixo Tâmega,724,1005,1197,1423,1568,1392,1317,1534,1962,2124,2143,2246,2156,1824,1457,1213,981,961,27376
1302,Baião,H,Baião,45,Norte,Tâmega e Sousa,ACeS Baixo Tâmega,245,338,403,466,539,428,427,485,552,648,702,722,637,511,427,293,273,200,8341
1302,Baião,M,Baião,47,Norte,Tâmega e Sousa,ACeS Baixo Tâmega,219,293,359,486,508,417,436,533,596,740,747,777,711,606,481,434,397,406,9193
0106,Castelo de Paiva,H,Castelo de Paiva,49,Norte,Tâmega e Sousa,ACeS Vale do Sousa Sul,222,293,356,458,504,438,413,400,506,643,665,580,616,477,356,239,182,147,7544
0106,Castelo de Paiva,M,Castelo de Paiva,38,Norte,Tâmega e Sousa,ACeS Vale do Sousa Sul,195,286,390,474,470,435,375,453,538,653,694,647,544,479,449,347,268,307,8042
0305,Celorico de Basto,H,Celorico de Basto,49,Norte,Tâmega e Sousa,ACeS Baixo Tâmega,232,340,437,472,546,437,428,499,553,680,659,679,671,549,388,301,271,230,8421
0305,Celorico de Basto,M,Celorico de Basto,54,Norte,Tâmega e Sousa,ACeS Baixo Tâmega,267,307,417,443,509,439,452,531,579,660,635,768,683,630,516,433,423,476,9222
1804,Cinfães,H,Cinfães,58,Norte,Tâmega e Sousa,ACeS Baixo Tâmega,286,341,394,513,471,439,422,457,559,653,702,695,651,611,491,331,299,240,8613
1804,Cinfães,M,Cinfães,56,Norte,Tâmega e Sousa,ACeS Baixo Tâmega,223,298,359,478,449,398,401,473,591,728,719,733,683,602,537,518,390,481,9117
1303,Felgueiras,H,Felgueiras,202,Norte,Tâmega e Sousa,ACeS Vale do Sousa Norte,956,1145,1301,1632,1906,1749,1690,1719,1929,2133,2151,2157,1892,1515,1109,750,612,416,26964
1303,Felgueiras,M,Felgueiras,192,Norte,Tâmega e Sousa,ACeS Vale do Sousa Norte,885,1114,1282,1489,1787,1785,1656,1881,2044,2223,2443,2407,2047,1671,1318,1058,842,760,28884
1305,Lousada,H,Lousada,195,Norte,Tâmega e Sousa,ACeS Vale do Sousa Norte,870,1009,1326,1458,1643,1511,1427,1524,1766,1926,1765,1743,1507,1116,866,568,388,282,22890
1305,Lousada,M,Lousada,170,Norte,Tâmega e Sousa,ACeS Vale do Sousa Norte,826,967,1238,1387,1593,1535,1485,1693,1875,2110,1992,1887,1651,1310,983,712,569,491,24474
1307,Marco de Canaveses,M,Marco de Canaveses,187,Norte,Tâmega e Sousa,ACeS Baixo Tâmega,691,969,1286,1432,1650,1469,1302,1599,1829,2265,2160,1987,1829,1506,1159,912,748,790,25770
1307,Marco de Canaveses,H,Marco de Canaveses,179,Norte,Tâmega e Sousa,ACeS Baixo Tâmega,752,1019,1352,1536,1658,1448,1307,1396,1686,1999,1936,1969,1635,1312,1019,687,520,361,23771
1309,Paços de Ferreira,H,Paços de Ferreira,194,Norte,Tâmega e Sousa,ACeS Vale do Sousa Norte,943,1208,1536,1668,1935,1866,1746,1895,2157,2252,2188,2066,1692,1394,1084,729,522,309,27384
1309,Paços de Ferreira,M,Paços de Ferreira,210,Norte,Tâmega e Sousa,ACeS Vale do Sousa Norte,856,1085,1439,1614,1870,1655,1724,1835,2066,2276,2392,2261,1919,1552,1168,958,709,622,28211
1311,Penafiel,H,Penafiel,280,Norte,Tâmega e Sousa,ACeS Vale do Sousa Sul,1160,1510,1818,2105,2285,2090,1873,2144,2443,2771,2624,2655,2272,1861,1406,982,683,516,33478
1311,Penafiel,M,Penafiel,235,Norte,Tâmega e Sousa,ACeS Vale do Sousa Sul,1115,1470,1769,1939,2218,2071,2046,2290,2739,2926,2894,2911,2582,2139,1589,1200,1010,1008,36151
1813,Resende,H,Resende,33,Norte,Tâmega e Sousa,ACeS Baixo Tâmega,124,207,234,249,290,265,250,250,311,349,422,436,377,326,274,197,184,120,4898
1813,Resende,M,Resende,33,Norte,Tâmega e Sousa,ACeS Baixo Tâmega,122,158,199,252,261,227,242,288,309,396,428,396,386,347,324,273,244,268,5153
1701,Alijó,H,Alijó,17,Norte,Douro,ACeS Marão e Douro Norte,129,145,184,239,242,203,226,269,325,334,383,450,432,413,388,318,234,185,5116
1701,Alijó,M,Alijó,23,Norte,Douro,ACeS Marão e Douro Norte,111,152,196,212,222,182,251,248,298,294,374,417,474,424,431,397,310,354,5370
1801,Armamar,H,Armamar,19,Norte,Douro,ACeS Douro Sul,68,68,121,124,153,122,109,135,140,184,215,242,246,194,172,142,112,104,2670
1801,Armamar,M,Armamar,19,Norte,Douro,ACeS Douro Sul,66,102,84,128,133,142,112,132,151,196,220,268,232,210,220,191,184,218,3008
0403,Carrazeda de Ansiães,H,Carrazeda de Ansiães,10,Norte,Douro,ULS Nordeste,59,68,95,111,101,104,112,120,172,153,197,221,223,204,237,191,146,109,2633
0403,Carrazeda de Ansiães,M,Carrazeda de Ansiães,10,Norte,Douro,ULS Nordeste,69,71,108,96,110,85,105,115,174,162,172,185,236,274,252,231,181,221,2857
0404,Freixo de Espada à Cinta,H,Freixo de Espada à Cinta,8,Norte,Douro,ULS Nordeste,41,43,66,68,60,60,57,90,99,103,95,104,125,111,110,113,88,91,1532
0404,Freixo de Espada à Cinta,M,Freixo de Espada à Cinta,7,Norte,Douro,ULS Nordeste,43,65,49,55,64,52,64,84,93,99,90,94,138,126,146,141,119,155,1684
1805,Lamego,H,Lamego,53,Norte,Douro,ACeS Douro Sul,321,411,507,617,662,544,521,617,773,874,947,990,972,884,625,471,370,334,11493
1805,Lamego,M,Lamego,56,Norte,Douro,ACeS Douro Sul,278,426,492,592,660,461,520,666,850,929,1026,1110,1091,914,763,724,587,674,12819
1704,Mesão Frio,H,Mesão Frio,12,Norte,Douro,ACeS Marão e Douro Norte,33,52,70,86,97,88,51,95,93,122,131,152,154,126,116,78,60,39,1655
1704,Mesão Frio,M,Mesão Frio,12,Norte,Douro,ACeS Marão e Douro Norte,36,49,62,88,83,79,80,87,132,126,127,167,160,162,134,97,109,102,1892
1807,Moimenta da Beira,H,Moimenta da Beira,41,Norte,Douro,ACeS Douro Sul,141,162,212,223,250,228,181,223,290,289,300,328,411,321,295,246,187,161,4489
1807,Moimenta da Beira,M,Moimenta da Beira,24,Norte,Douro,ACeS Douro Sul,129,169,189,215,249,219,206,245,266,320,299,423,410,371,315,324,262,286,4921
1707,Murça,H,Murça,17,Norte,Douro,ACeS Marão e Douro Norte,56,73,86,120,125,103,86,118,151,134,180,208,253,222,206,170,121,102,2531
1707,Murça,M,Murça,15,Norte,Douro,ACeS Marão e Douro Norte,33,81,86,108,80,108,96,125,137,160,182,214,238,253,233,221,151,193,2714
1812,Penedono,H,Penedono,6,Norte,Douro,ACeS Douro Sul,30,42,41,66,75,53,54,50,74,87,93,95,138,109,87,77,60,55,1292
1812,Penedono,M,Penedono,3,Norte,Douro,ACeS Douro Sul,17,45,48,55,72,52,51,68,88,92,89,87,123,120,118,98,106,114,1446
1708,Peso da Régua,H,Peso da Régua,46,Norte,Douro,ACeS Marão e Douro Norte,186,256,302,340,396,323,328,363,475,484,514,583,619,548,425,260,222,163,6833
1708,Peso da Régua,M,Peso da Régua,47,Norte,Douro,ACeS Marão e Douro Norte,206,227,280,354,376,333,320,411,500,564,534,645,673,587,502,411,357,380,7707
1710,Sabrosa,H,Sabrosa,13,Norte,Douro,ACeS Marão e Douro Norte,56,78,115,127,117,141,115,130,148,188,172,224,224,236,224,158,107,88,2661
1710,Sabrosa,M,Sabrosa,13,Norte,Douro,ACeS Marão e Douro Norte,73,88,110,126,129,90,125,132,171,197,164,214,258,233,206,207,175,176,2887
1711,Santa Marta de Penaguião,H,Santa Marta de Penaguião,8,Norte,Douro,ACeS Marão e Douro Norte,68,101,97,150,166,136,118,119,188,204,223,213,265,257,225,164,114,82,2898
1711,Santa Marta de Penaguião,M,Santa Marta de Penaguião,15,Norte,Douro,ACeS Marão e Douro Norte,66,78,111,135,126,122,101,142,208,220,206,253,311,286,236,211,167,208,3202
1815,São João da Pesqueira,H,São João da Pesqueira,21,Norte,Douro,ACeS Douro Sul,91,107,155,178,182,134,166,182,212,260,245,269,284,231,215,149,132,108,3321
1815,São João da Pesqueira,M,São João da Pesqueira,22,Norte,Douro,ACeS Douro Sul,78,104,134,150,171,143,145,197,214,236,231,274,297,262,213,200,197,186,3454
1818,Sernancelhe,M,Sernancelhe,13,Norte,Douro,ACeS Douro Sul,70,83,100,133,135,113,112,131,158,158,202,262,265,209,216,213,173,196,2942
1818,Sernancelhe,H,Sernancelhe,12,Norte,Douro,ACeS Douro Sul,68,86,93,120,148,122,128,133,163,183,182,242,254,220,186,144,152,114,2750
1819,Tabuaço,H,Tabuaço,10,Norte,Douro,ACeS Douro Sul,51,77,98,113,113,109,95,124,133,142,187,197,232,201,177,122,94,100,2375
1819,Tabuaço,M,Tabuaço,15,Norte,Douro,ACeS Douro Sul,62,59,87,110,130,104,101,121,151,171,159,233,256,222,179,151,143,205,2659
1820,Tarouca,H,Tarouca,19,Norte,Douro,ACeS Douro Sul,103,155,184,192,213,157,152,192,222,267,308,291,272,238,209,159,103,91,3527
1820,Tarouca,M,Tarouca,23,Norte,Douro,ACeS Douro Sul,116,150,166,182,206,142,178,220,269,284,276,321,296,239,256,203,140,169,3836
0409,Torre de Moncorvo,H,Torre de Moncorvo,24,Norte,Douro,ULS Nordeste,74,86,96,98,144,124,134,141,178,185,204,244,299,282,295,233,191,192,3224
0409,Torre de Moncorvo,M,Torre de Moncorvo,11,Norte,Douro,ULS Nordeste,77,73,100,121,111,120,130,157,163,168,218,253,316,346,332,325,273,308,3602
0914,Vila Nova de Foz Côa,H,Vila Nova de Foz Côa,22,Centro,Douro,ULS Guarda,62,82,96,113,142,123,133,142,171,198,218,239,294,276,228,199,133,121,2992
0914,Vila Nova de Foz Côa,M,Vila Nova de Foz Côa,14,Centro,Douro,ULS Guarda,65,97,117,124,123,117,111,142,169,199,213,238,279,293,267,263,222,259,3312
1714,Vila Real,H,Vila Real,155,Norte,Douro,ACeS Marão e Douro Norte,717,1045,1180,1326,1310,1161,1152,1350,1758,1827,1855,1835,1672,1566,1247,981,689,550,23376
1714,Vila Real,M,Vila Real,175,Norte,Douro,ACeS Marão e Douro Norte,687,952,1061,1251,1293,1154,1251,1620,1943,2074,2089,2116,1897,1706,1458,1325,959,1184,26195
0401,Alfândega da Fé,H,Alfândega da Fé,11,Norte,Terras de Trás-os-Montes,ULS Nordeste,48,56,62,77,79,89,78,110,121,101,132,170,192,196,161,157,131,118,2089
0401,Alfândega da Fé,M,Alfândega da Fé,9,Norte,Terras de Trás-os-Montes,ULS Nordeste,45,61,61,76,94,91,109,87,110,108,130,182,197,193,175,178,148,181,2235
0402,Bragança,H,Bragança,107,Norte,Terras de Trás-os-Montes,ULS Nordeste,493,619,691,787,1093,856,815,933,1144,1186,1125,1180,1143,1225,1032,853,688,544,16514
0402,Bragança,M,Bragança,116,Norte,Terras de Trás-os-Montes,ULS Nordeste,480,555,683,719,1078,857,809,999,1235,1262,1202,1338,1329,1395,1149,972,882,1008,18068
0405,Macedo de Cavaleiros,H,Macedo de Cavaleiros,40,Norte,Terras de Trás-os-Montes,ULS Nordeste,148,209,257,294,319,269,311,309,402,393,490,562,580,604,546,407,336,297,6773
0405,Macedo de Cavaleiros,M,Macedo de Cavaleiros,28,Norte,Terras de Trás-os-Montes,ULS Nordeste,155,206,243,307,336,256,314,364,407,436,505,539,631,643,593,562,423,530,7478
0406,Miranda do Douro,H,Miranda do Douro,16,Norte,Terras de Trás-os-Montes,ULS Nordeste,62,101,114,117,140,102,105,142,195,195,220,222,273,287,241,212,200,189,3133
0406,Miranda do Douro,M,Miranda do Douro,15,Norte,Terras de Trás-os-Montes,ULS Nordeste,78,83,92,106,123,111,103,147,202,190,206,203,291,286,272,287,249,286,3330
0407,Mirandela,H,Mirandela,57,Norte,Terras de Trás-os-Montes,ULS Nordeste,266,366,401,459,507,490,444,506,641,666,708,753,797,854,705,632,464,407,10123
0407,Mirandela,M,Mirandela,62,Norte,Terras de Trás-os-Montes,ULS Nordeste,265,347,395,496,507,428,480,512,697,749,770,826,920,918,816,731,630,712,11261
0408,Mogadouro,H,Mogadouro,12,Norte,Terras de Trás-os-Montes,ULS Nordeste,90,101,120,135,149,167,169,216,219,252,276,345,360,354,327,242,264,213,4011
0408,Mogadouro,M,Mogadouro,12,Norte,Terras de Trás-os-Montes,ULS Nordeste,85,111,136,136,142,146,178,188,201,218,273,345,377,377,326,364,333,342,4290
0410,Vila Flor,H,Vila Flor,14,Norte,Terras de Trás-os-Montes,ULS Nordeste,79,91,109,134,143,119,93,137,167,195,225,219,238,265,212,213,146,121,2920
0410,Vila Flor,M,Vila Flor,9,Norte,Terras de Trás-os-Montes,ULS Nordeste,72,80,82,111,136,103,107,143,219,199,185,219,278,266,252,257,184,228,3130
0411,Vimioso,H,Vimioso,10,Norte,Terras de Trás-os-Montes,ULS Nordeste,37,49,55,61,81,65,85,79,96,105,121,158,178,224,194,148,145,120,2011
0411,Vimioso,M,Vimioso,9,Norte,Terras de Trás-os-Montes,ULS Nordeste,45,50,41,63,82,70,72,80,94,97,112,143,192,223,186,206,196,177,2138
0412,Vinhais,H,Vinhais,26,Norte,Terras de Trás-os-Montes,ULS Nordeste,53,80,105,113,133,100,119,163,195,230,261,294,343,373,353,329,291,241,3802
0412,Vinhais,M,Vinhais,10,Norte,Terras de Trás-os-Montes,ULS Nordeste,51,91,82,96,113,99,133,153,198,186,221,300,370,393,366,370,346,388,3966
1001,Alcobaça,H,Alcobaça,165,Lisboa e Vale do Tejo,Oeste,ACeS Oeste Norte,767,1049,1251,1480,1567,1453,1364,1514,1813,1940,2034,1985,1848,1782,1552,1297,957,675,26493
1001,Alcobaça,M,Alcobaça,175,Lisboa e Vale do Tejo,Oeste,ACeS Oeste Norte,806,1026,1197,1316,1415,1292,1300,1504,1923,2116,2217,2176,2005,2043,1836,1561,1189,1375,28472
1101,Alenquer,H,Alenquer,192,Lisboa e Vale do Tejo,Oeste,ACeS Estuário do Tejo,845,1151,1233,1325,1270,1149,1214,1486,1786,1799,1522,1388,1283,1131,1050,767,588,399,21578
1101,Alenquer,M,Alenquer,179,Lisboa e Vale do Tejo,Oeste,ACeS Estuário do Tejo,812,1061,1190,1182,1181,1133,1270,1532,1800,1965,1639,1519,1348,1211,1216,988,804,834,22864
1102,Arruda dos Vinhos,H,Arruda dos Vinhos,59,Lisboa e Vale do Tejo,Oeste,ACeS Estuário do Tejo,267,386,468,452,440,303,299,420,597,623,531,449,370,310,324,233,190,114,6835
1102,Arruda dos Vinhos,M,Arruda dos Vinhos,53,Lisboa e Vale do Tejo,Oeste,ACeS Estuário do Tejo,237,388,435,401,354,290,304,508,611,668,525,483,357,403,335,310,243,252,7157
1005,Bombarral,H,Bombarral,57,Lisboa e Vale do Tejo,Oeste,ACeS Oeste Norte,205,274,303,294,303,328,297,374,429,407,417,458,411,427,444,300,206,178,6112
1005,Bombarral,M,Bombarral,45,Lisboa e Vale do Tejo,Oeste,ACeS Oeste Norte,187,221,283,307,317,300,281,404,437,485,473,479,465,518,436,387,310,299,6634
1104,Cadaval,H,Cadaval,36,Lisboa e Vale do Tejo,Oeste,ACeS Oeste Sul,173,262,311,335,341,270,274,346,440,489,468,436,450,501,441,333,301,210,6417
1104,Cadaval,M,Cadaval,42,Lisboa e Vale do Tejo,Oeste,ACeS Oeste Sul,168,248,295,308,324,264,265,373,435,489,499,459,543,529,487,442,367,418,6955
1006,Caldas da Rainha,H,Caldas da Rainha,156,Lisboa e Vale do Tejo,Oeste,ACeS Oeste Norte,767,1028,1180,1325,1405,1240,1229,1418,1672,1759,1718,1709,1698,1657,1374,1112,866,685,23998
1006,Caldas da Rainha,M,Caldas da Rainha,161,Lisboa e Vale do Tejo,Oeste,ACeS Oeste Norte,714,1026,1134,1293,1332,1200,1191,1595,1863,1993,1941,2052,2020,1810,1651,1430,1191,1315,26912
1108,Lourinhã,H,Lourinhã,104,Lisboa e Vale do Tejo,Oeste,ACeS Oeste Sul,453,624,645,702,661,609,608,809,928,979,867,859,823,902,792,604,430,292,12691
1108,Lourinhã,M,Lourinhã,86,Lisboa e Vale do Tejo,Oeste,ACeS Oeste Sul,426,561,617,629,658,576,646,848,1030,1064,876,971,911,974,833,723,531,589,13549
1011,Nazaré,H,Nazaré,49,Lisboa e Vale do Tejo,Oeste,ACeS Oeste Norte,204,320,333,366,373,355,336,452,524,548,562,482,478,531,488,314,231,139,7085
1011,Nazaré,M,Nazaré,46,Lisboa e Vale do Tejo,Oeste,ACeS Oeste Norte,237,309,366,319,356,326,369,428,586,525,570,570,592,590,553,441,316,297,7796
1012,Óbidos,H,Óbidos,41,Lisboa e Vale do Tejo,Oeste,ACeS Oeste Norte,168,271,259,312,320,271,287,338,420,416,438,410,418,423,403,290,198,146,5829
1012,Óbidos,M,Óbidos,45,Lisboa e Vale do Tejo,Oeste,ACeS Oeste Norte,163,242,278,263,262,227,254,358,399,463,481,451,479,462,414,322,276,254,6093
1014,Peniche,H,Peniche,108,Lisboa e Vale do Tejo,Oeste,ACeS Oeste Norte,468,588,671,697,666,569,660,777,930,916,875,872,866,934,742,655,412,283,12689
1014,Peniche,M,Peniche,85,Lisboa e Vale do Tejo,Oeste,ACeS Oeste Norte,425,557,623,632,629,584,662,787,995,976,931,991,999,1001,930,799,600,534,13740
1112,Sobral de Monte Agraço,H,Sobral de Monte Agraço,29,Lisboa e Vale do Tejo,Oeste,ACeS Oeste Sul,204,254,326,303,285,229,253,334,423,455,389,324,330,277,243,177,142,98,5075
1112,Sobral de Monte Agraço,M,Sobral de Monte Agraço,43,Lisboa e Vale do Tejo,Oeste,ACeS Oeste Sul,194,234,309,301,274,258,267,366,470,470,367,350,330,291,296,244,184,217,5465
1113,Torres Vedras,H,Torres Vedras,350,Lisboa e Vale do Tejo,Oeste,ACeS Oeste Sul,1387,1792,2062,2262,2322,2199,2324,2591,3061,3276,2932,2732,2510,2308,2083,1752,1261,954,40158
1113,Torres Vedras,M,Torres Vedras,303,Lisboa e Vale do Tejo,Oeste,ACeS Oeste Sul,1380,1757,1965,2180,2158,2119,2132,2706,3187,3511,3144,3062,2749,2574,2406,2100,1664,1817,42914
0101,Águeda,H,Águeda,156,Centro,Região de Aveiro,ACeS Baixo Vouga,724,973,1022,1053,1207,1120,1209,1386,1494,1638,1619,1674,1557,1549,1343,1008,740,653,22125
0101,Águeda,M,Águeda,161,Centro,Região de Aveiro,ACeS Baixo Vouga,679,848,993,1136,1136,1130,1193,1379,1665,1804,1788,1840,1677,1729,1535,1233,976,1092,23994
0102,Albergaria-a-Velha,M,Albergaria-a-Velha,84,Centro,Região de Aveiro,ACeS Baixo Vouga,386,483,608,598,674,626,623,791,945,982,982,940,926,816,741,627,473,466,12771
0102,Albergaria-a-Velha,H,Albergaria-a-Velha,84,Centro,Região de Aveiro,ACeS Baixo Vouga,418,500,628,641,715,672,647,765,904,947,929,868,808,736,670,506,358,273,12069
0103,Anadia,H,Anadia,83,Centro,Região de Aveiro,ACeS Baixo Vouga,404,510,568,622,710,636,641,739,849,995,926,971,968,958,903,638,556,474,13151
0103,Anadia,M,Anadia,67,Centro,Região de Aveiro,ACeS Baixo Vouga,366,442,521,607,660,592,610,748,928,1007,1059,1045,1146,1069,1027,893,742,852,14381
0105,Aveiro,H,Aveiro,307,Centro,Região de Aveiro,ACeS Baixo Vouga,1393,1794,1924,1920,2277,2320,2459,2706,3131,2983,2737,2609,2520,2249,1849,1426,951,887,38442
0105,Aveiro,M,Aveiro,315,Centro,Região de Aveiro,ACeS Baixo Vouga,1277,1609,1872,1977,2235,2407,2397,2830,3295,3383,3110,3104,3051,2542,2332,1821,1363,1592,42512
0108,Estarreja,H,Estarreja,95,Centro,Região de Aveiro,ACeS Baixo Vouga,437,563,620,698,695,747,697,828,870,894,964,990,841,755,711,524,433,328,12690
0108,Estarreja,M,Estarreja,102,Centro,Região de Aveiro,ACeS Baixo Vouga,407,518,553,620,696,655,666,780,857,974,1011,1031,1010,856,852,708,590,637,13523
0110,Ílhavo,H,Ílhavo,156,Centro,Região de Aveiro,ACeS Baixo Vouga,662,846,999,1014,1055,984,1056,1230,1396,1437,1466,1400,1255,1134,1009,700,510,326,18635
0110,Ílhavo,M,Ílhavo,153,Centro,Região de Aveiro,ACeS Baixo Vouga,689,833,939,974,1003,1003,1088,1401,1492,1651,1612,1556,1440,1301,1119,908,732,706,20600
0112,Murtosa,H,Murtosa,34,Centro,Região de Aveiro,ACeS Baixo Vouga,191,229,261,301,254,278,256,326,373,388,376,367,302,308,270,230,174,129,5047
0112,Murtosa,M,Murtosa,42,Centro,Região de Aveiro,ACeS Baixo Vouga,167,232,247,263,257,275,282,331,358,380,373,379,371,333,351,290,238,260,5429
0114,Oliveira do Bairro,H,Oliveira do Bairro,93,Centro,Região de Aveiro,ACeS Baixo Vouga,444,525,586,594,619,585,549,716,852,939,818,682,624,636,582,448,366,315,10973
0114,Oliveira do Bairro,M,Oliveira do Bairro,96,Centro,Região de Aveiro,ACeS Baixo Vouga,376,517,584,576,622,616,604,765,949,999,852,803,699,768,685,607,480,561,12159
0115,Ovar,H,Ovar,203,Centro,Região de Aveiro,ACeS Baixo Vouga,917,1099,1263,1448,1612,1460,1414,1651,1956,2145,2175,1985,1847,1613,1402,960,685,496,26331
0115,Ovar,M,Ovar,189,Centro,Região de Aveiro,ACeS Baixo Vouga,795,1110,1236,1366,1554,1468,1475,1706,2132,2336,2289,2234,2088,1886,1583,1204,1014,957,28622
0117,Sever do Vouga,H,Sever do Vouga,32,Centro,Região de Aveiro,ACeS Baixo Vouga,138,193,210,279,320,248,227,296,369,382,358,419,448,390,342,274,235,187,5347
0117,Sever do Vouga,M,Sever do Vouga,26,Centro,Região de Aveiro,ACeS Baixo Vouga,138,193,194,251,251,244,224,292,367,411,442,425,427,447,368,344,300,372,5716
0118,Vagos,H,Vagos,94,Centro,Região de Aveiro,ACeS Baixo Vouga,402,508,558,553,630,597,611,721,796,825,805,758,703,676,611,484,361,297,10990
0118,Vagos,M,Vagos,106,Centro,Região de Aveiro,ACeS Baixo Vouga,375,499,514,592,560,588,661,760,811,851,821,866,813,739,700,637,499,504,11896
0601,Arganil,H,Arganil,27,Centro,Região de Coimbra,ACeS Pinhal Interior Norte,157,180,194,205,234,228,232,297,326,316,391,414,481,385,391,335,290,207,5290
0601,Arganil,M,Arganil,23,Centro,Região de Coimbra,ACeS Pinhal Interior Norte,142,194,198,221,219,216,230,298,312,338,387,450,473,453,400,408,371,442,5775
0602,Cantanhede,H,Cantanhede,118,Centro,Região de Coimbra,ACeS Baixo Mondego,484,662,760,762,847,710,747,902,1133,1215,1108,1105,1129,1220,1092,936,686,532,16148
0602,Cantanhede,M,Cantanhede,119,Centro,Região de Coimbra,ACeS Baixo Mondego,470,591,670,747,820,682,767,1010,1235,1227,1197,1249,1376,1297,1285,1204,1052,1066,18064
0603,Coimbra,H,Coimbra,475,Centro,Região de Coimbra,ACeS Baixo Mondego,2160,2806,3017,3291,3597,3928,3616,4223,4886,4845,4627,4750,4471,4257,3879,2800,2080,1743,65451
0603,Coimbra,M,Coimbra,461,Centro,Região de Coimbra,ACeS Baixo Mondego,2072,2649,2880,3102,3895,3879,3765,4625,5243,5472,5440,5714,5393,5226,5021,3801,3147,3580,75365
0604,Condeixa-a-Nova,H,Condeixa-a-Nova,48,Centro,Região de Coimbra,ACeS Baixo Mondego,285,369,468,453,427,321,394,502,647,674,619,591,454,418,395,284,266,199,7814
0604,Condeixa-a-Nova,M,Condeixa-a-Nova,67,Centro,Região de Coimbra,ACeS Baixo Mondego,255,370,421,404,400,339,428,579,732,776,723,606,567,532,506,423,358,432,8918
0605,Figueira da Foz,H,Figueira da Foz,168,Centro,Região de Coimbra,ACeS Baixo Mondego,839,1104,1308,1468,1411,1264,1271,1570,1925,2145,1997,2065,2133,2012,1890,1416,1013,884,27883
0605,Figueira da Foz,M,Figueira da Foz,166,Centro,Região de Coimbra,ACeS Baixo Mondego,795,1038,1172,1379,1361,1190,1264,1651,2169,2304,2242,2414,2467,2306,2156,1757,1579,1658,31068
0606,Góis,H,Góis,7,Centro,Região de Coimbra,ACeS Pinhal Interior Norte,33,50,53,76,94,58,74,80,114,127,115,136,152,150,143,111,108,87,1768
0606,Góis,M,Góis,11,Centro,Região de Coimbra,ACeS Pinhal Interior Norte,40,64,58,72,72,65,64,72,116,132,113,158,167,165,145,162,152,215,2043
0607,Lousã,H,Lousã,60,Centro,Região de Coimbra,ACeS Pinhal Interior Norte,274,394,460,452,478,363,396,469,662,681,661,590,542,480,446,363,244,181,8196
0607,Lousã,M,Lousã,73,Centro,Região de Coimbra,ACeS Pinhal Interior Norte,233,342,421,423,420,398,420,508,719,805,663,635,576,534,500,421,351,368,8810
0111,Mealhada,H,Mealhada,53,Centro,Região de Coimbra,ACeS Baixo Mondego,275,362,463,495,521,482,461,523,730,706,651,724,672,558,533,398,342,306,9255
0111,Mealhada,M,Mealhada,56,Centro,Região de Coimbra,ACeS Baixo Mondego,264,342,406,451,438,432,443,579,752,774,782,739,744,713,623,526,500,529,10093
0608,Mira,H,Mira,37,Centro,Região de Coimbra,ACeS Baixo Mondego,195,223,270,279,296,251,296,332,389,399,378,383,442,421,383,350,236,196,5756
0608,Mira,M,Mira,41,Centro,Região de Coimbra,ACeS Baixo Mondego,154,233,245,218,263,257,279,340,392,463,436,459,434,483,497,477,337,349,6357
0609,Miranda do Corvo,H,Miranda do Corvo,35,Centro,Região de Coimbra,ACeS Pinhal Interior Norte,161,205,251,331,317,278,259,325,361,413,491,503,438,395,349,267,221,156,5756
0609,Miranda do Corvo,M,Miranda do Corvo,27,Centro,Região de Coimbra,ACeS Pinhal Interior Norte,156,203,250,273,325,229,263,287,427,488,487,551,436,400,388,363,321,372,6246
0610,Montemor-o-Velho,H,Montemor-o-Velho,87,Centro,Região de Coimbra,ACeS Baixo Mondego,409,522,547,576,558,554,611,750,903,921,888,895,811,745,645,547,452,376,11797
0610,Montemor-o-Velho,M,Montemor-o-Velho,81,Centro,Região de Coimbra,ACeS Baixo Mondego,389,470,502,532,533,529,636,841,910,944,934,936,904,827,797,721,590,698,12774
1808,Mortágua,H,Mortágua,19,Centro,Região de Coimbra,ACeS Baixo Mondego,116,125,156,166,196,187,202,258,300,277,278,288,313,383,309,309,224,153,4259
1808,Mortágua,M,Mortágua,28,Centro,Região de Coimbra,ACeS Baixo Mondego,107,145,152,153,189,182,171,236,283,261,295,335,408,406,394,363,289,307,4704
0611,Oliveira do Hospital,H,Oliveira do Hospital,51,Centro,Região de Coimbra,ACeS Pinhal Interior Norte,312,361,384,440,565,435,443,484,636,648,705,731,727,649,582,455,368,324,9300
0611,Oliveira do Hospital,M,Oliveira do Hospital,71,Centro,Região de Coimbra,ACeS Pinhal Interior Norte,247,315,373,413,499,418,403,561,649,726,697,816,795,725,651,561,560,633,10113
0612,Pampilhosa da Serra,H,Pampilhosa da Serra,6,Centro,Região de Coimbra,ACeS Pinhal Interior Norte,34,40,57,52,60,54,73,88,90,101,132,144,193,189,181,175,134,100,1903
0612,Pampilhosa da Serra,M,Pampilhosa da Serra,6,Centro,Região de Coimbra,ACeS Pinhal Interior Norte,25,55,47,56,54,50,69,91,91,92,109,153,188,207,202,213,188,283,2179
0613,Penacova,H,Penacova,27,Centro,Região de Coimbra,ACeS Baixo Mondego,129,218,251,290,294,269,225,289,405,497,467,512,530,470,465,370,242,217,6167
0613,Penacova,M,Penacova,22,Centro,Região de Coimbra,ACeS Baixo Mondego,135,219,217,298,322,237,255,292,431,526,514,518,515,527,584,480,380,474,6946
0614,Penela,H,Penela,15,Centro,Região de Coimbra,ACeS Pinhal Interior Norte,56,85,121,103,137,128,129,143,171,178,210,185,201,175,183,149,130,98,2597
0614,Penela,M,Penela,22,Centro,Região de Coimbra,ACeS Pinhal Interior Norte,74,82,113,113,101,100,106,130,171,214,192,209,212,215,188,173,207,221,2843
0615,Soure,M,Soure,49,Centro,Região de Coimbra,ACeS Baixo Mondego,191,274,330,355,352,330,321,403,603,648,569,654,685,705,712,672,561,680,9094
0615,Soure,H,Soure,49,Centro,Região de Coimbra,ACeS Baixo Mondego,225,298,345,380,408,329,335,424,525,636,567,605,593,601,620,515,374,338,8167
0616,Tábua,H,Tábua,38,Centro,Região de Coimbra,ACeS Pinhal Interior Norte,157,198,236,256,235,233,267,270,351,394,372,401,429,383,352,301,212,201,5286
0616,Tábua,M,Tábua,34,Centro,Região de Coimbra,ACeS Pinhal Interior Norte,155,212,213,289,280,239,262,294,387,379,402,439,415,407,379,391,302,395,5874
0617,Vila Nova de Poiares,M,Vila Nova de Poiares,9,Centro,Região de Coimbra,ACeS Pinhal Interior Norte,89,131,163,147,192,139,152,205,284,294,273,268,265,235,196,191,163,212,3608
0617,Vila Nova de Poiares,H,Vila Nova de Poiares,13,Centro,Região de Coimbra,ACeS Pinhal Interior Norte,90,105,155,175,183,172,154,187,226,231,256,259,231,231,188,158,108,73,3195
1002,Alvaiázere,H,Alvaiázere,7,Centro,Região de Leiria,ACeS Pinhal Interior Norte,68,93,124,119,142,107,127,117,183,181,191,242,255,228,260,175,133,156,2908
1002,Alvaiázere,M,Alvaiázere,8,Centro,Região de Leiria,ACeS Pinhal Interior Norte,55,101,100,118,139,112,119,116,171,207,207,254,263,285,269,247,246,313,3330
1003,Ansião,H,Ansião,27,Centro,Região de Leiria,ACeS Pinhal Interior Norte,155,194,223,274,302,236,241,261,346,374,436,423,432,414,362,332,270,221,5523
1003,Ansião,M,Ansião,33,Centro,Região de Leiria,ACeS Pinhal Interior Norte,122,173,247,265,270,227,246,273,349,420,419,447,454,431,470,414,400,459,6119
1004,Batalha,H,Batalha,59,Centro,Região de Leiria,ACeS Pinhal Litoral,282,394,398,415,400,397,402,477,557,550,512,540,505,484,414,310,262,175,7533
1004,Batalha,M,Batalha,56,Centro,Região de Leiria,ACeS Pinhal Litoral,256,342,406,380,428,376,402,526,568,642,576,550,583,503,447,362,317,304,8024
1007,Castanheira de Pêra,M,Castanheira de Pêra,8,Centro,Região de Leiria,ACeS Pinhal Interior Norte,20,30,41,46,53,43,43,59,58,86,102,113,116,130,116,112,110,112,1398
1007,Castanheira de Pêra,H,Castanheira de Pêra,4,Centro,Região de Leiria,ACeS Pinhal Interior Norte,24,22,51,67,56,54,62,36,59,73,87,114,105,125,114,81,66,47,1247
1008,Figueiró dos Vinhos,H,Figueiró dos Vinhos,10,Centro,Região de Leiria,ACeS Pinhal Interior Norte,67,83,108,101,114,97,108,97,158,178,167,207,227,227,192,166,96,101,2504
1008,Figueiró dos Vinhos,M,Figueiró dos Vinhos,7,Centro,Região de Leiria,ACeS Pinhal Interior Norte,62,61,90,94,91,96,105,112,149,175,180,216,263,236,255,200,192,193,2777
1009,Leiria,H,Leiria,520,Centro,Região de Leiria,ACeS Pinhal Litoral,2177,2951,3094,3447,3715,3590,3626,3963,4589,4745,4521,4324,4024,3693,3139,2462,1898,1380,61858
1009,Leiria,M,Leiria,462,Centro,Região de Leiria,ACeS Pinhal Litoral,2158,2655,2960,3162,3508,3421,3624,4190,5079,5130,5008,4852,4473,4059,3799,3132,2457,2616,66745
1010,Marinha Grande,H,Marinha Grande,153,Centro,Região de Leiria,ACeS Pinhal Litoral,624,806,955,1053,1025,1069,1000,1179,1480,1483,1414,1290,1203,1132,1131,835,547,462,18841
1010,Marinha Grande,M,Marinha Grande,140,Centro,Região de Leiria,ACeS Pinhal Litoral,660,793,920,1001,989,937,973,1221,1571,1654,1512,1441,1386,1315,1286,903,764,717,20183
1013,Pedrógão Grande,H,Pedrógão Grande,6,Centro,Região de Leiria,ACeS Pinhal Interior Norte,31,50,53,80,72,77,60,83,72,105,116,138,158,168,108,91,72,71,1611
1013,Pedrógão Grande,M,Pedrógão Grande,5,Centro,Região de Leiria,ACeS Pinhal Interior Norte,34,44,46,75,70,50,69,80,82,100,116,153,161,167,114,131,132,150,1779
1015,Pombal,H,Pombal,184,Centro,Região de Leiria,ACeS Pinhal Litoral,717,1012,1167,1206,1344,1169,1156,1354,1633,1759,1709,1757,1767,1727,1528,1299,1010,873,24371
1015,Pombal,M,Pombal,132,Centro,Região de Leiria,ACeS Pinhal Litoral,730,920,1083,1242,1295,1041,1176,1438,1855,1860,1808,1876,1953,1906,1852,1700,1450,1482,26799
1016,Porto de Mós,H,Porto de Mós,79,Centro,Região de Leiria,ACeS Pinhal Litoral,373,476,555,641,693,592,518,652,839,875,870,798,796,684,619,497,374,341,11272
1016,Porto de Mós,M,Porto de Mós,78,Centro,Região de Leiria,ACeS Pinhal Litoral,341,461,513,550,642,556,511,676,861,900,847,864,851,774,710,603,565,627,11930
0901,Aguiar da Beira,H,Aguiar da Beira,15,Centro,Viseu Dão Lafões,ACeS Dão Lafões,50,68,83,99,125,98,93,92,149,136,160,214,210,214,199,174,138,139,2456
0901,Aguiar da Beira,M,Aguiar da Beira,10,Centro,Viseu Dão Lafões,ACeS Dão Lafões,40,70,99,93,97,104,89,117,140,161,165,210,232,255,240,199,193,261,2775
1802,Carregal do Sal,H,Carregal do Sal,23,Centro,Viseu Dão Lafões,ACeS Dão Lafões,119,167,196,231,191,194,178,250,270,281,286,310,309,343,290,258,179,159,4234
1802,Carregal do Sal,M,Carregal do Sal,29,Centro,Viseu Dão Lafões,ACeS Dão Lafões,133,155,183,229,212,199,189,248,301,298,300,327,368,359,405,301,288,280,4804
1803,Castro Daire,H,Castro Daire,33,Centro,Viseu Dão Lafões,ACeS Dão Lafões,154,226,260,344,328,292,269,304,401,454,484,560,530,502,480,385,291,239,6536
1803,Castro Daire,M,Castro Daire,25,Centro,Viseu Dão Lafões,ACeS Dão Lafões,139,191,303,325,327,278,257,318,458,448,466,563,554,577,571,489,418,493,7200
1806,Mangualde,H,Mangualde,52,Centro,Viseu Dão Lafões,ACeS Dão Lafões,235,351,372,494,474,412,403,521,591,587,606,587,657,647,621,461,383,282,8736
1806,Mangualde,M,Mangualde,46,Centro,Viseu Dão Lafões,ACeS Dão Lafões,245,361,364,439,438,397,398,548,611,616,628,721,750,694,669,589,470,583,9567
1809,Nelas,H,Nelas,45,Centro,Viseu Dão Lafões,ACeS Dão Lafões,177,265,300,368,319,254,266,355,453,418,406,403,445,464,420,335,279,226,6198
1809,Nelas,M,Nelas,34,Centro,Viseu Dão Lafões,ACeS Dão Lafões,186,237,278,316,283,259,285,368,471,452,447,453,555,550,495,405,393,454,6921
1810,Oliveira de Frades,H,Oliveira de Frades,33,Centro,Viseu Dão Lafões,ACeS Dão Lafões,164,194,196,264,274,232,260,308,318,344,331,329,305,270,267,196,147,129,4561
1810,Oliveira de Frades,M,Oliveira de Frades,33,Centro,Viseu Dão Lafões,ACeS Dão Lafões,147,195,199,239,250,216,268,294,339,359,357,369,323,337,271,273,219,257,4945
1811,Penalva do Castelo,H,Penalva do Castelo,17,Centro,Viseu Dão Lafões,ACeS Dão Lafões,88,143,164,180,175,127,130,147,258,246,225,238,259,287,256,218,180,169,3507
1811,Penalva do Castelo,M,Penalva do Castelo,9,Centro,Viseu Dão Lafões,ACeS Dão Lafões,80,114,135,162,163,124,133,205,228,226,232,276,286,311,307,295,238,302,3826
1814,Santa Comba Dão,H,Santa Comba Dão,38,Centro,Viseu Dão Lafões,ACeS Dão Lafões,134,196,241,239,250,205,221,259,335,360,334,333,355,400,370,307,234,212,5023
1814,Santa Comba Dão,M,Santa Comba Dão,27,Centro,Viseu Dão Lafões,ACeS Dão Lafões,125,180,228,245,247,215,204,282,380,366,341,383,459,428,447,383,293,385,5618
1816,São Pedro do Sul,H,São Pedro do Sul,36,Centro,Viseu Dão Lafões,ACeS Dão Lafões,197,237,292,371,403,348,296,341,462,474,465,512,592,559,559,409,306,287,7146
1816,São Pedro do Sul,M,São Pedro do Sul,35,Centro,Viseu Dão Lafões,ACeS Dão Lafões,175,223,294,377,363,291,270,387,441,534,515,623,616,647,645,549,439,567,7991
1817,Sátão,H,Sátão,25,Centro,Viseu Dão Lafões,ACeS Dão Lafões,143,211,244,271,293,213,248,291,319,349,381,343,439,397,350,282,236,180,5215
1817,Sátão,M,Sátão,27,Centro,Viseu Dão Lafões,ACeS Dão Lafões,158,186,210,222,336,225,247,277,368,380,385,435,435,442,395,397,281,409,5815
1821,Tondela,H,Tondela,87,Centro,Viseu Dão Lafões,ACeS Dão Lafões,313,435,496,631,674,545,598,630,732,842,837,885,955,893,898,756,578,462,12247
1821,Tondela,M,Tondela,74,Centro,Viseu Dão Lafões,ACeS Dão Lafões,296,418,477,550,599,580,572,655,849,935,870,1073,1028,1019,1064,962,834,808,13663
1822,Vila Nova de Paiva,H,Vila Nova de Paiva,13,Centro,Viseu Dão Lafões,ACeS Dão Lafões,69,82,103,100,115,114,93,101,142,145,144,176,179,180,173,125,94,87,2235
1822,Vila Nova de Paiva,M,Vila Nova de Paiva,8,Centro,Viseu Dão Lafões,ACeS Dão Lafões,43,71,78,117,109,113,95,116,129,140,160,181,196,201,153,174,140,203,2427
1823,Viseu,H,Viseu,384,Centro,Viseu Dão Lafões,ACeS Dão Lafões,1662,2139,2442,2688,2699,2400,2406,3041,3718,3616,3310,3007,3087,2948,2586,2102,1420,1147,46802
1823,Viseu,M,Viseu,353,Centro,Viseu Dão Lafões,ACeS Dão Lafões,1583,2143,2319,2542,2697,2500,2677,3371,4133,4153,3736,3716,3549,3378,3031,2618,2033,2217,52749
1824,Vouzela,H,Vouzela,33,Centro,Viseu Dão Lafões,ACeS Dão Lafões,116,137,180,230,254,207,228,236,291,324,334,345,300,323,297,296,207,177,4515
1824,Vouzela,M,Vouzela,31,Centro,Viseu Dão Lafões,ACeS Dão Lafões,120,176,165,203,257,200,242,251,307,323,342,366,362,370,361,366,296,327,5065
0502,Castelo Branco,H,Castelo Branco,161,Centro,Beira Baixa,ACeS Beira Interior Sul (ULS Castelo Branco),750,998,1088,1237,1271,1161,1165,1478,1781,1777,1727,1848,1764,1796,1636,1277,908,880,24703
0502,Castelo Branco,M,Castelo Branco,129,Centro,Beira Baixa,ACeS Beira Interior Sul (ULS Castelo Branco),688,996,1149,1125,1217,1125,1227,1556,1911,1974,1998,1993,2104,1954,1784,1589,1346,1704,27569
0505,Idanha-a-Nova,H,Idanha-a-Nova,21,Centro,Beira Baixa,ACeS Beira Interior Sul (ULS Castelo Branco),92,120,154,155,159,119,160,160,212,225,264,296,339,322,347,274,271,308,3998
0505,Idanha-a-Nova,M,Idanha-a-Nova,24,Centro,Beira Baixa,ACeS Beira Interior Sul (ULS Castelo Branco),84,103,127,136,148,106,146,156,216,232,233,268,323,345,371,393,443,503,4357
0506,Oleiros,H,Oleiros,8,Centro,Beira Baixa,ACeS Pinhal Interior Sul (ULS Castelo Branco),32,57,59,54,84,82,77,99,129,113,149,208,229,232,218,183,158,162,2333
0506,Oleiros,M,Oleiros,11,Centro,Beira Baixa,ACeS Pinhal Interior Sul (ULS Castelo Branco),30,43,47,71,83,67,72,95,106,119,143,186,213,248,263,240,241,293,2571
0507,Penamacor,H,Penamacor,12,Centro,Beira Baixa,ACeS Beira Interior Sul (ULS Castelo Branco),40,54,73,74,88,78,96,89,107,132,169,202,216,200,188,168,156,207,2349
0507,Penamacor,M,Penamacor,7,Centro,Beira Baixa,ACeS Beira Interior Sul (ULS Castelo Branco),37,47,51,55,71,67,65,89,91,120,150,171,199,196,203,232,244,324,2419
0508,Proença-a-Nova,H,Proença-a-Nova,18,Centro,Beira Baixa,ACeS Pinhal Interior Sul (ULS Castelo Branco),65,102,117,116,163,140,155,170,166,207,249,294,326,317,309,217,157,181,3469
0508,Proença-a-Nova,M,Proença-a-Nova,15,Centro,Beira Baixa,ACeS Pinhal Interior Sul (ULS Castelo Branco),75,92,107,132,135,114,107,137,190,197,215,284,333,298,320,301,276,370,3698
0511,Vila Velha de Ródão,H,Vila Velha de Ródão,8,Centro,Beira Baixa,ACeS Beira Interior Sul (ULS Castelo Branco),44,49,52,49,53,40,56,79,81,85,86,110,126,122,162,119,111,133,1565
0511,Vila Velha de Ródão,M,Vila Velha de Ródão,6,Centro,Beira Baixa,ACeS Beira Interior Sul (ULS Castelo Branco),36,43,52,41,52,53,66,57,80,74,87,105,114,142,176,156,157,223,1720
1401,Abrantes,H,Abrantes,87,Lisboa e Vale do Tejo,Médio Tejo,ACeS Médio Tejo,427,577,703,906,810,702,676,810,1056,1215,1212,1364,1383,1256,1049,829,704,668,16434
1401,Abrantes,M,Abrantes,92,Lisboa e Vale do Tejo,Médio Tejo,ACeS Médio Tejo,381,563,684,695,796,598,674,858,1079,1241,1261,1384,1408,1434,1284,1104,1056,1303,17895
1402,Alcanena,H,Alcanena,25,Lisboa e Vale do Tejo,Médio Tejo,ACeS Médio Tejo,178,248,311,327,323,231,278,326,426,456,439,456,445,417,386,303,223,196,5994
1402,Alcanena,M,Alcanena,43,Lisboa e Vale do Tejo,Médio Tejo,ACeS Médio Tejo,160,256,273,296,278,259,247,355,411,445,460,473,500,474,467,367,324,390,6478
1408,Constância,H,Constância,9,Lisboa e Vale do Tejo,Médio Tejo,ACeS Médio Tejo,55,80,96,121,78,87,73,101,124,142,157,154,118,129,111,83,52,53,1823
1408,Constância,M,Constância,8,Lisboa e Vale do Tejo,Médio Tejo,ACeS Médio Tejo,57,77,88,101,87,86,83,102,149,148,145,150,134,128,114,115,93,110,1975
1410,Entroncamento,M,Entroncamento,66,Lisboa e Vale do Tejo,Médio Tejo,ACeS Médio Tejo,361,492,544,549,537,471,520,687,759,862,812,892,668,552,514,523,389,454,10652
1410,Entroncamento,H,Entroncamento,88,Lisboa e Vale do Tejo,Médio Tejo,ACeS Médio Tejo,355,491,559,566,523,491,498,646,686,721,731,712,638,475,412,322,336,239,9489
1411,Ferreira do Zêzere,H,Ferreira do Zêzere,23,Lisboa e Vale do Tejo,Médio Tejo,ACeS Médio Tejo,107,125,174,171,207,173,167,192,239,223,265,279,273,277,250,223,159,159,3686
1411,Ferreira do Zêzere,M,Ferreira do Zêzere,23,Lisboa e Vale do Tejo,Médio Tejo,ACeS Médio Tejo,101,142,158,162,174,145,179,201,236,256,260,289,311,326,283,276,285,307,4114
1413,Mação,H,Mação,10,Lisboa e Vale do Tejo,Médio Tejo,ACeS Médio Tejo,56,93,87,118,134,122,109,139,160,146,216,273,253,257,247,227,170,244,3061
1413,Mação,M,Mação,10,Lisboa e Vale do Tejo,Médio Tejo,ACeS Médio Tejo,61,74,100,104,111,88,94,117,151,183,207,235,257,260,277,270,287,455,3341
1421,Ourém,H,Ourém,185,Lisboa e Vale do Tejo,Médio Tejo,ACeS Médio Tejo,672,902,1000,1111,1261,1143,1095,1217,1449,1421,1510,1571,1496,1348,1153,877,780,707,20898
1421,Ourém,M,Ourém,138,Lisboa e Vale do Tejo,Médio Tejo,ACeS Médio Tejo,647,846,989,1124,1242,1077,1107,1266,1506,1604,1724,1704,1585,1549,1420,1339,1232,1541,23640
1417,Sardoal,H,Sardoal,5,Lisboa e Vale do Tejo,Médio Tejo,ACeS Médio Tejo,38,49,62,86,92,78,74,70,130,138,115,134,143,135,108,87,74,74,1692
1417,Sardoal,M,Sardoal,8,Lisboa e Vale do Tejo,Médio Tejo,ACeS Médio Tejo,38,55,51,67,75,56,64,93,111,125,113,159,146,138,126,119,119,158,1821
0509,Sertã,H,Sertã,53,Centro,Médio Tejo,ACeS Pinhal Interior Sul (ULS Castelo Branco),202,271,293,373,375,327,279,349,442,468,521,572,582,586,463,390,319,249,7114
0509,Sertã,M,Sertã,52,Centro,Médio Tejo,ACeS Pinhal Interior Sul (ULS Castelo Branco),168,245,300,342,324,298,310,373,433,485,540,614,584,512,534,501,464,576,7655
1418,Tomar,H,Tomar,121,Lisboa e Vale do Tejo,Médio Tejo,ACeS Médio Tejo,471,627,778,896,943,824,768,852,1032,1186,1262,1350,1334,1280,1143,887,677,648,17079
1418,Tomar,M,Tomar,84,Lisboa e Vale do Tejo,Médio Tejo,ACeS Médio Tejo,438,593,679,823,892,771,727,910,1078,1300,1476,1498,1561,1428,1415,1238,1086,1337,19334
1419,Torres Novas,H,Torres Novas,105,Lisboa e Vale do Tejo,Médio Tejo,ACeS Médio Tejo,503,719,824,885,846,693,737,975,1105,1220,1137,1207,1170,1125,1025,831,608,533,16248
1419,Torres Novas,M,Torres Novas,108,Lisboa e Vale do Tejo,Médio Tejo,ACeS Médio Tejo,483,621,772,775,828,628,743,989,1179,1247,1242,1370,1342,1251,1163,1062,924,1136,17863
0510,Vila de Rei,H,Vila de Rei,11,Centro,Médio Tejo,ACeS Pinhal Interior Sul (ULS Castelo Branco),35,54,51,75,77,58,83,79,71,82,105,98,109,139,110,88,105,108,1538
0510,Vila de Rei,M,Vila de Rei,7,Centro,Médio Tejo,ACeS Pinhal Interior Sul (ULS Castelo Branco),32,54,52,52,74,57,54,83,81,81,91,113,120,136,119,131,140,264,1741
1420,Vila Nova da Barquinha,H,Vila Nova da Barquinha,27,Lisboa e Vale do Tejo,Médio Tejo,ACeS Médio Tejo,107,142,159,156,182,154,170,210,219,229,248,249,225,202,212,169,149,100,3309
1420,Vila Nova da Barquinha,M,Vila Nova da Barquinha,24,Lisboa e Vale do Tejo,Médio Tejo,ACeS Médio Tejo,129,159,158,174,154,148,178,203,228,277,246,266,258,223,243,226,196,217,3707
0902,Almeida,H,Almeida,8,Centro,Beiras e Serra da Estrela,ULS Guarda,43,71,61,85,123,109,101,110,129,142,194,220,279,242,234,210,208,179,2748
0902,Almeida,M,Almeida,11,Centro,Beiras e Serra da Estrela,ULS Guarda,41,61,64,94,110,71,87,126,124,133,218,215,259,264,285,299,275,402,3139
0501,Belmonte,H,Belmonte,14,Centro,Beiras e Serra da Estrela,ACeS Cova Da Beira,86,104,137,114,138,135,122,157,187,223,180,211,293,240,165,190,126,140,2962
0501,Belmonte,M,Belmonte,18,Centro,Beiras e Serra da Estrela,ACeS Cova Da Beira,83,99,116,115,142,110,125,162,204,200,212,258,263,274,181,197,194,290,3243
0903,Celorico da Beira,H,Celorico da Beira,21,Centro,Beiras e Serra da Estrela,ULS Guarda,65,103,119,155,150,115,118,174,172,213,207,226,273,260,228,191,153,175,3118
0903,Celorico da Beira,M,Celorico da Beira,17,Centro,Beiras e Serra da Estrela,ULS Guarda,61,105,128,148,128,111,125,163,212,196,230,252,285,264,271,249,233,287,3465
0503,Covilhã,H,Covilhã,123,Centro,Beiras e Serra da Estrela,ACeS Cova Da Beira,573,838,927,1049,1217,1029,1133,1223,1483,1536,1603,1663,1768,1805,1476,1112,818,705,22081
0503,Covilhã,M,Covilhã,140,Centro,Beiras e Serra da Estrela,ACeS Cova Da Beira,603,724,898,1021,1115,961,1022,1290,1572,1740,1679,1777,1908,1892,1764,1501,1255,1512,24374
0904,Figueira de Castelo Rodrigo,H,Figueira de Castelo Rodrigo,17,Centro,Beiras e Serra da Estrela,ULS Guarda,57,95,81,103,104,99,105,113,147,145,147,186,209,209,185,158,162,132,2454
0904,Figueira de Castelo Rodrigo,M,Figueira de Castelo Rodrigo,12,Centro,Beiras e Serra da Estrela,ULS Guarda,58,98,90,84,101,81,97,135,127,137,163,177,224,219,202,229,210,250,2694
0905,Fornos de Algodres,M,Fornos de Algodres,13,Centro,Beiras e Serra da Estrela,ULS Guarda,52,74,71,94,100,87,76,104,107,144,132,189,186,189,159,192,178,217,2364
0905,Fornos de Algodres,H,Fornos de Algodres,15,Centro,Beiras e Serra da Estrela,ULS Guarda,50,55,70,82,89,77,99,107,113,129,152,152,186,165,130,130,123,115,2039
0504,Fundão,H,Fundão,83,Centro,Beiras e Serra da Estrela,ACeS Cova Da Beira,343,457,505,595,648,564,593,732,804,818,876,942,1064,1034,855,728,574,526,12741
0504,Fundão,M,Fundão,74,Centro,Beiras e Serra da Estrela,ACeS Cova Da Beira,303,418,496,547,538,502,570,701,809,849,913,1034,1111,1100,972,923,827,1075,13762
0906,Gouveia,H,Gouveia,31,Centro,Beiras e Serra da Estrela,ULS Guarda,116,182,227,249,264,208,214,245,337,339,380,448,468,533,486,377,309,292,5705
0906,Gouveia,M,Gouveia,33,Centro,Beiras e Serra da Estrela,ULS Guarda,129,171,229,206,258,206,213,242,370,354,406,470,558,540,542,534,467,589,6517
0907,Guarda,H,Guarda,121,Centro,Beiras e Serra da Estrela,ULS Guarda,573,688,880,1028,1096,985,943,1154,1391,1422,1471,1503,1497,1274,1050,825,660,557,19118
0907,Guarda,M,Guarda,131,Centro,Beiras e Serra da Estrela,ULS Guarda,525,758,810,928,1104,886,970,1218,1471,1515,1610,1665,1640,1342,1254,1060,889,1223,20999
0908,Manteigas,H,Manteigas,10,Centro,Beiras e Serra da Estrela,ULS Guarda,23,33,35,55,57,57,52,68,79,80,85,111,136,145,116,97,72,44,1355
0908,Manteigas,M,Manteigas,14,Centro,Beiras e Serra da Estrela,ULS Guarda,25,33,41,56,72,68,49,57,74,80,96,113,150,158,130,115,117,106,1554
0909,Mêda,H,Mêda,8,Centro,Beiras e Serra da Estrela,ULS Guarda,61,62,64,92,105,74,99,113,112,132,131,196,182,198,166,177,114,113,2199
0909,Mêda,M,Mêda,8,Centro,Beiras e Serra da Estrela,ULS Guarda,47,60,83,83,78,80,80,111,127,139,128,200,198,203,195,228,167,216,2431
0910,Pinhel,H,Pinhel,14,Centro,Beiras e Serra da Estrela,ULS Guarda,60,114,147,178,170,137,124,195,223,243,275,322,320,334,299,268,243,213,3879
0910,Pinhel,M,Pinhel,10,Centro,Beiras e Serra da Estrela,ULS Guarda,86,95,105,159,162,134,135,162,213,234,263,320,368,352,383,343,311,378,4213
0911,Sabugal,H,Sabugal,25,Centro,Beiras e Serra da Estrela,ULS Guarda,98,145,134,176,192,176,186,258,255,282,339,387,515,492,478,411,364,414,5327
0911,Sabugal,M,Sabugal,14,Centro,Beiras e Serra da Estrela,ULS Guarda,111,129,155,172,190,173,188,221,233,258,343,399,453,522,511,577,517,787,5953
0912,Seia,H,Seia,55,Centro,Beiras e Serra da Estrela,ULS Guarda,272,350,383,449,476,406,438,515,630,663,730,800,847,912,840,621,501,408,10296
0912,Seia,M,Seia,40,Centro,Beiras e Serra da Estrela,ULS Guarda,239,351,387,406,465,395,409,569,668,724,743,893,952,1008,908,807,667,828,11459
0913,Trancoso,H,Trancoso,27,Centro,Beiras e Serra da Estrela,ULS Guarda,85,117,165,183,168,150,163,202,253,276,268,298,349,307,300,247,227,195,3980
0913,Trancoso,M,Trancoso,14,Centro,Beiras e Serra da Estrela,ULS Guarda,90,119,127,153,173,141,162,194,264,253,293,343,349,369,346,362,314,367,4433
1502,Alcochete,H,Alcochete,69,Lisboa e Vale do Tejo,Área Metropolitana de Lisboa,ACeS Arco Ribeirinho,358,520,613,629,530,440,437,556,793,940,759,591,469,412,422,317,203,146,9204
1502,Alcochete,M,Alcochete,71,Lisboa e Vale do Tejo,Área Metropolitana de Lisboa,ACeS Arco Ribeirinho,323,529,649,590,520,411,481,612,897,999,777,647,526,466,500,394,269,278,9939
1503,Almada,H,Almada,653,Lisboa e Vale do Tejo,Área Metropolitana de Lisboa,ACeS Almada/Seixal,3104,4134,4600,4696,4891,4627,4811,5391,6125,6449,5606,5267,5033,4901,4500,3672,2631,2117,83208
1503,Almada,M,Almada,675,Lisboa e Vale do Tejo,Área Metropolitana de Lisboa,ACeS Almada/Seixal,2941,3762,4350,4354,4740,4869,5233,5704,6867,7150,6251,6384,6386,5886,5749,4814,3820,4095,94030
1115,Amadora,H,Amadora,837,Lisboa e Vale do Tejo,Área Metropolitana de Lisboa,ACeS Amadora,3312,3997,4240,4297,4762,5369,5627,5593,5842,5788,5034,4576,4527,4222,4090,3311,2265,1704,79393
1115,Amadora,M,Amadora,725,Lisboa e Vale do Tejo,Área Metropolitana de Lisboa,ACeS Amadora,3252,3885,4103,4144,4855,5687,5823,6187,6654,6548,5917,5926,5860,5533,5590,4670,3438,3264,92061
1504,Barreiro,H,Barreiro,290,Lisboa e Vale do Tejo,Área Metropolitana de Lisboa,ACeS Arco Ribeirinho,1281,1778,1930,2099,2024,2012,2082,2255,2720,3029,2394,2249,2124,2045,2287,1935,1321,847,36702
1504,Barreiro,M,Barreiro,303,Lisboa e Vale do Tejo,Área Metropolitana de Lisboa,ACeS Arco Ribeirinho,1227,1620,1894,2038,2042,2105,2111,2381,3045,3274,2768,2621,2624,2761,3056,2491,1743,1539,41643
1105,Cascais,H,Cascais,756,Lisboa e Vale do Tejo,Área Metropolitana de Lisboa,ACeS Cascais,3643,5464,6144,6239,5868,5280,4947,5811,7397,8274,7271,6708,5951,5533,5347,4073,2815,2245,99766
1105,Cascais,M,Cascais,734,Lisboa e Vale do Tejo,Área Metropolitana de Lisboa,ACeS Cascais,3473,4976,5847,5844,5564,4880,5326,6663,8938,9663,8444,8149,7409,7223,6980,5465,4077,4703,114358
1106,Lisboa,M,Lisboa,2277,Lisboa e Vale do Tejo,Área Metropolitana de Lisboa,ACeS Lisboa Norte + Lisboa Central,9044,11296,11885,12552,14723,18693,18844,18571,20394,20450,18682,18097,17544,16786,17142,14882,13053,16702,291617
1106,Lisboa,H,Lisboa,2311,Lisboa e Vale do Tejo,Área Metropolitana de Lisboa,ACeS Lisboa Norte + Lisboa Central,9670,11986,12751,12832,14962,18603,19303,18714,19459,18870,16388,15431,13696,12797,12168,9738,7511,6989,254179
1107,Loures,H,Loures,919,Lisboa e Vale do Tejo,Área Metropolitana de Lisboa,ACeS Loures/Odivelas,3993,5056,5338,5494,5569,5679,5928,6506,7227,7146,6357,5703,5412,5167,4972,4094,2694,1866,95120
1107,Loures,M,Loures,810,Lisboa e Vale do Tejo,Área Metropolitana de Lisboa,ACeS Loures/Odivelas,3815,4710,4982,5158,5511,5874,6294,7097,7934,8145,7098,6819,6710,6515,6326,5285,3709,3678,106470
1109,Mafra,H,Mafra,366,Lisboa e Vale do Tejo,Área Metropolitana de Lisboa,ACeS Oeste Sul,1757,2453,2652,2659,2338,2002,2217,2839,3675,3937,3290,2720,2247,1956,1738,1405,967,698,41916
1109,Mafra,M,Mafra,354,Lisboa e Vale do Tejo,Área Metropolitana de Lisboa,ACeS Oeste Sul,1607,2302,2686,2577,2220,1982,2324,3286,4093,4153,3167,2841,2396,2213,2077,1634,1254,1433,44599
1506,Moita,H,Moita,299,Lisboa e Vale do Tejo,Área Metropolitana de Lisboa,ACeS Arco Ribeirinho,1297,1598,1872,1904,1881,1750,1783,1952,2410,2488,2040,1967,1909,1936,1700,1285,758,519,31348
1506,Moita,M,Moita,248,Lisboa e Vale do Tejo,Área Metropolitana de Lisboa,ACeS Arco Ribeirinho,1185,1577,1733,1789,1796,1882,1874,2133,2604,2706,2362,2279,2423,2333,2050,1609,1250,1074,34907
1507,Montijo,H,Montijo,310,Lisboa e Vale do Tejo,Área Metropolitana de Lisboa,ACeS Arco Ribeirinho,1187,1554,1655,1481,1511,1510,1841,2122,2502,2295,1766,1565,1365,1259,1167,852,619,492,27053
1507,Montijo,M,Montijo,264,Lisboa e Vale do Tejo,Área Metropolitana de Lisboa,ACeS Arco Ribeirinho,1135,1424,1484,1427,1391,1504,1834,2207,2491,2310,1837,1716,1549,1527,1413,1234,908,974,28629
1116,Odivelas,H,Odivelas,651,Lisboa e Vale do Tejo,Área Metropolitana de Lisboa,ACeS Loures/Odivelas,3040,3747,3884,3657,4118,4289,4547,5243,5871,5435,4421,3985,3788,3636,3624,2777,1843,1168,69724
1116,Odivelas,M,Odivelas,653,Lisboa e Vale do Tejo,Área Metropolitana de Lisboa,ACeS Loures/Odivelas,2938,3647,3776,3628,3898,4362,5023,5513,6372,6012,5063,4855,4706,4700,4607,3590,2581,2386,78310
1110,Oeiras,H,Oeiras,663,Lisboa e Vale do Tejo,Área Metropolitana de Lisboa,Lisboa Ocidental/Oeiras,2988,4188,4738,4721,4446,4351,4528,4996,6100,6586,5342,4688,4380,4214,4622,3591,2416,2023,79581
1110,Oeiras,M,Oeiras,682,Lisboa e Vale do Tejo,Área Metropolitana de Lisboa,Lisboa Ocidental/Oeiras,2903,3857,4298,4488,4209,4340,4698,5531,6969,7745,6418,5955,5602,5952,6216,4799,3533,3882,92077
1508,Palmela,H,Palmela,260,Lisboa e Vale do Tejo,Área Metropolitana de Lisboa,ACeS Arrábida,1155,1644,2002,2075,1924,1685,1719,2175,2741,2900,2369,2192,2052,1642,1675,1313,927,715,33165
1508,Palmela,M,Palmela,272,Lisboa e Vale do Tejo,Área Metropolitana de Lisboa,ACeS Arrábida,1212,1600,1849,1931,1801,1653,1758,2250,2890,3073,2540,2402,2164,1984,1926,1570,1333,1479,35687
1510,Seixal,H,Seixal,725,Lisboa e Vale do Tejo,Área Metropolitana de Lisboa,ACeS Almada/Seixal,3121,4130,4519,4511,4681,4390,4652,5183,6190,6207,5157,4780,4598,4542,4378,3293,2216,1351,78624
1510,Seixal,M,Seixal,705,Lisboa e Vale do Tejo,Área Metropolitana de Lisboa,ACeS Almada/Seixal,3130,3958,4206,4250,4625,4661,5096,5849,6893,6861,5945,5792,5855,5824,5132,3878,2697,2526,87883
1511,Sesimbra,H,Sesimbra,224,Lisboa e Vale do Tejo,Área Metropolitana de Lisboa,ACeS Arrábida,1019,1325,1427,1547,1438,1239,1391,1691,2113,2133,1841,1613,1530,1417,1299,1050,668,470,25435
1511,Sesimbra,M,Sesimbra,183,Lisboa e Vale do Tejo,Área Metropolitana de Lisboa,ACeS Arrábida,945,1262,1444,1408,1367,1262,1424,1843,2245,2360,1923,1838,1663,1533,1483,1104,811,851,26949
1512,Setúbal,H,Setúbal,467,Lisboa e Vale do Tejo,Área Metropolitana de Lisboa,ACeS Arrábida,2188,2885,3457,3456,3426,3043,3065,3560,4538,4886,4004,3693,3571,3490,3431,2544,1649,1205,58558
1512,Setúbal,M,Setúbal,452,Lisboa e Vale do Tejo,Área Metropolitana de Lisboa,ACeS Arrábida,2017,2773,3277,3305,3317,2993,3295,3898,4910,5373,4449,4204,4501,4192,4006,3185,2292,2499,64938
1111,Sintra,H,Sintra,1690,Lisboa e Vale do Tejo,Área Metropolitana de Lisboa,ACeS Sintra,7499,9262,10439,11337,12124,11770,11487,11934,13683,14828,13881,12440,10333,8710,7743,6064,3778,2790,181792
1111,Sintra,M,Sintra,1645,Lisboa e Vale do Tejo,Área Metropolitana de Lisboa,ACeS Sintra,7194,8985,10189,11086,12076,12161,12318,13138,15553,16897,16272,14252,12248,10861,9918,7676,5664,5681,203814
1114,Vila Franca de Xira,H,Vila Franca de Xira,639,Lisboa e Vale do Tejo,Área Metropolitana de Lisboa,ACeS Estuário do Tejo,2714,3565,3921,3918,3728,3728,3950,4677,5603,5590,4599,4063,3839,3509,3098,2117,1436,984,65678
1114,Vila Franca de Xira,M,Vila Franca de Xira,568,Lisboa e Vale do Tejo,Área Metropolitana de Lisboa,ACeS Estuário do Tejo,2598,3256,3659,3834,3747,3748,4234,5041,6179,6184,5071,4838,4614,4248,3504,2742,2003,1783,71851
1501,Alcácer do Sal,H,Alcácer do Sal,36,Alentejo,Alentejo Litoral,ULS Litoral Alentejano,111,196,277,271,272,220,226,307,352,411,360,369,464,437,390,259,224,190,5372
1501,Alcácer do Sal,M,Alcácer do Sal,33,Alentejo,Alentejo Litoral,ULS Litoral Alentejano,136,211,234,252,201,196,232,303,386,387,316,408,488,450,470,353,339,345,5740
1505,Grândola,H,Grândola,62,Alentejo,Alentejo Litoral,ULS Litoral Alentejano,223,283,290,367,330,322,423,485,536,560,443,464,475,436,437,317,305,245,7003
1505,Grândola,M,Grândola,49,Alentejo,Alentejo Litoral,ULS Litoral Alentejano,167,296,313,312,273,271,299,391,520,475,415,471,490,461,459,417,353,387,6819
0211,Odemira,H,Odemira,88,Alentejo,Alentejo Litoral,ULS Litoral Alentejano,409,481,541,539,1114,1619,1650,1400,1400,1135,1008,961,951,858,693,533,503,484,16367
0211,Odemira,M,Odemira,96,Alentejo,Alentejo Litoral,ULS Litoral Alentejano,351,468,521,506,577,702,749,932,996,886,868,955,946,812,725,680,671,730,13171
1509,Santiago do Cacém,H,Santiago do Cacém,90,Alentejo,Alentejo Litoral,ULS Litoral Alentejano,444,587,625,612,582,578,663,919,1014,944,774,920,1054,1095,927,633,517,483,13461
1509,Santiago do Cacém,M,Santiago do Cacém,89,Alentejo,Alentejo Litoral,ULS Litoral Alentejano,428,550,601,554,547,523,669,879,1011,926,857,1011,1244,1089,967,827,738,801,14311
1513,Sines,H,Sines,64,Alentejo,Alentejo Litoral,ULS Litoral Alentejano,228,343,344,352,325,360,434,475,561,529,457,452,502,412,395,260,184,145,6822
1513,Sines,M,Sines,62,Alentejo,Alentejo Litoral,ULS Litoral Alentejano,271,339,356,341,330,336,378,481,599,515,475,589,507,449,416,326,286,320,7376
0201,Aljustrel,H,Aljustrel,31,Alentejo,Baixo Alentejo,ULS Baixo Alentejo,135,168,190,179,212,217,251,274,305,317,307,317,365,360,277,210,136,127,4378
0201,Aljustrel,M,Aljustrel,34,Alentejo,Baixo Alentejo,ULS Baixo Alentejo,140,182,179,190,193,170,211,236,258,275,311,327,359,346,318,256,243,268,4496
0202,Almodôvar,H,Almodôvar,26,Alentejo,Baixo Alentejo,ULS Baixo Alentejo,95,98,153,142,157,137,160,186,224,225,257,221,245,240,238,188,165,151,3308
0202,Almodôvar,M,Almodôvar,19,Alentejo,Baixo Alentejo,ULS Baixo Alentejo,95,103,142,149,128,122,142,187,211,194,221,235,248,259,274,207,237,231,3404
0203,Alvito,H,Alvito,8,Alentejo,Baixo Alentejo,ULS Baixo Alentejo,42,53,48,55,63,39,56,62,67,82,73,67,79,82,65,60,45,43,1089
0203,Alvito,M,Alvito,9,Alentejo,Baixo Alentejo,ULS Baixo Alentejo,38,48,47,73,43,40,60,67,82,70,59,79,86,83,66,82,75,84,1191
0204,Barrancos,H,Barrancos,3,Alentejo,Baixo Alentejo,ULS Baixo Alentejo,27,31,30,42,34,26,30,32,40,54,74,60,55,53,30,25,35,22,703
0204,Barrancos,M,Barrancos,6,Alentejo,Baixo Alentejo,ULS Baixo Alentejo,19,26,34,39,31,21,31,43,30,57,77,53,38,42,46,42,44,56,735
0205,Beja,M,Beja,127,Alentejo,Baixo Alentejo,ULS Baixo Alentejo,575,718,850,870,790,712,797,1008,1240,1243,1212,1211,1154,1044,1016,822,790,919,17098
0205,Beja,H,Beja,134,Alentejo,Baixo Alentejo,ULS Baixo Alentejo,626,822,869,880,966,850,905,1050,1267,1222,1171,1173,1090,981,798,582,467,443,16296
0206,Castro Verde,H,Castro Verde,23,Alentejo,Baixo Alentejo,ULS Baixo Alentejo,118,149,131,166,165,152,176,202,216,252,242,277,256,261,169,136,119,114,3324
0206,Castro Verde,M,Castro Verde,28,Alentejo,Baixo Alentejo,ULS Baixo Alentejo,113,132,139,173,161,140,137,214,223,244,250,290,250,224,221,182,207,221,3549
0207,Cuba,H,Cuba,13,Alentejo,Baixo Alentejo,ULS Baixo Alentejo,59,115,118,101,107,85,117,139,166,141,152,182,159,125,120,109,71,73,2152
0207,Cuba,M,Cuba,25,Alentejo,Baixo Alentejo,ULS Baixo Alentejo,75,79,93,105,107,99,112,134,132,133,170,153,134,142,144,123,132,129,2221
0208,Ferreira do Alentejo,H,Ferreira do Alentejo,20,Alentejo,Baixo Alentejo,ULS Baixo Alentejo,127,163,164,176,187,229,252,269,281,264,237,267,275,280,246,169,136,126,3868
0208,Ferreira do Alentejo,M,Ferreira do Alentejo,27,Alentejo,Baixo Alentejo,ULS Baixo Alentejo,120,125,159,153,166,155,180,178,271,214,249,261,277,301,290,229,198,263,3816
0209,Mértola,H,Mértola,15,Alentejo,Baixo Alentejo,ULS Baixo Alentejo,68,100,105,106,125,115,132,141,168,236,236,269,266,256,246,182,177,135,3078
0209,Mértola,M,Mértola,19,Alentejo,Baixo Alentejo,ULS Baixo Alentejo,67,90,82,104,103,84,127,125,164,177,203,247,248,247,280,230,261,270,3128
0210,Moura,H,Moura,79,Alentejo,Baixo Alentejo,ULS Baixo Alentejo,262,317,359,371,369,296,287,344,426,418,507,469,477,450,343,277,232,149,6432
0210,Moura,M,Moura,52,Alentejo,Baixo Alentejo,ULS Baixo Alentejo,221,331,344,391,341,245,273,338,411,452,428,466,506,483,392,429,348,375,6826
0212,Ourique,H,Ourique,9,Alentejo,Baixo Alentejo,ULS Baixo Alentejo,56,81,88,118,97,94,113,113,137,170,183,201,153,185,176,148,131,115,2368
0212,Ourique,M,Ourique,17,Alentejo,Baixo Alentejo,ULS Baixo Alentejo,57,79,99,98,97,71,91,112,172,161,155,183,169,178,193,189,157,193,2471
0213,Serpa,H,Serpa,58,Alentejo,Baixo Alentejo,ULS Baixo Alentejo,216,268,296,323,375,341,320,351,435,449,561,559,579,498,416,320,267,208,6840
0213,Serpa,M,Serpa,47,Alentejo,Baixo Alentejo,ULS Baixo Alentejo,188,252,263,301,298,287,282,328,408,448,520,554,560,527,429,392,399,434,6917
0214,Vidigueira,H,Vidigueira,24,Alentejo,Baixo Alentejo,ULS Baixo Alentejo,83,132,107,122,145,125,133,157,152,170,165,196,191,168,167,98,90,83,2508
0214,Vidigueira,M,Vidigueira,14,Alentejo,Baixo Alentejo,ULS Baixo Alentejo,81,105,117,123,121,102,115,151,156,184,189,191,180,169,170,151,155,193,2667
1403,Almeirim,H,Almeirim,96,Lisboa e Vale do Tejo,Lezíria do Tejo,ACeS Lezíria,337,489,562,597,569,460,531,650,802,814,785,689,647,602,654,505,375,288,10452
1403,Almeirim,M,Almeirim,70,Lisboa e Vale do Tejo,Lezíria do Tejo,ACeS Lezíria,304,458,614,540,547,498,499,668,870,881,787,802,771,753,739,653,490,616,11560
1404,Alpiarça,H,Alpiarça,20,Lisboa e Vale do Tejo,Lezíria do Tejo,ACeS Lezíria,108,149,201,175,200,149,128,193,244,252,218,216,218,238,228,153,139,97,3326
1404,Alpiarça,M,Alpiarça,16,Lisboa e Vale do Tejo,Lezíria do Tejo,ACeS Lezíria,87,125,149,174,148,133,142,170,268,240,273,264,260,270,270,222,206,232,3649
1103,Azambuja,H,Azambuja,81,Lisboa e Vale do Tejo,Lezíria do Tejo,ACeS Estuário do Tejo,358,446,539,537,575,557,667,797,889,888,783,745,643,606,543,471,325,251,10701
1103,Azambuja,M,Azambuja,82,Lisboa e Vale do Tejo,Lezíria do Tejo,ACeS Estuário do Tejo,316,468,511,545,577,485,484,620,821,794,734,723,709,690,649,593,466,453,10720
1405,Benavente,H,Benavente,125,Lisboa e Vale do Tejo,Lezíria do Tejo,ACeS Estuário do Tejo,577,723,883,844,910,740,787,979,1087,1147,1088,990,855,723,631,553,351,266,14259
1405,Benavente,M,Benavente,147,Lisboa e Vale do Tejo,Lezíria do Tejo,ACeS Estuário do Tejo,467,738,883,860,802,755,778,967,1285,1287,1146,1073,925,797,837,670,533,500,15450
1406,Cartaxo,H,Cartaxo,71,Lisboa e Vale do Tejo,Lezíria do Tejo,ACeS Lezíria,380,468,555,646,602,503,570,708,837,882,800,817,727,699,667,542,421,228,11123
1406,Cartaxo,M,Cartaxo,88,Lisboa e Vale do Tejo,Lezíria do Tejo,ACeS Lezíria,360,491,504,561,560,518,536,708,846,1006,878,871,835,790,747,681,529,554,12063
1407,Chamusca,M,Chamusca,23,Lisboa e Vale do Tejo,Lezíria do Tejo,ACeS Lezíria,104,152,169,190,177,132,179,228,277,302,263,345,357,327,344,304,274,274,4421
1407,Chamusca,H,Chamusca,24,Lisboa e Vale do Tejo,Lezíria do Tejo,ACeS Lezíria,101,164,184,170,200,177,179,240,254,293,307,328,323,293,293,251,189,139,4109
1409,Coruche,H,Coruche,53,Lisboa e Vale do Tejo,Lezíria do Tejo,ACeS Lezíria,213,317,352,416,366,309,326,384,508,585,604,601,690,662,571,449,442,345,8193
1409,Coruche,M,Coruche,59,Lisboa e Vale do Tejo,Lezíria do Tejo,ACeS Lezíria,249,281,333,366,391,273,332,391,549,606,638,683,724,724,619,685,605,654,9162
1412,Golegã,H,Golegã,18,Lisboa e Vale do Tejo,Lezíria do Tejo,ACeS Lezíria,85,88,105,143,138,131,135,152,172,189,187,166,175,181,153,125,104,86,2533
1412,Golegã,M,Golegã,18,Lisboa e Vale do Tejo,Lezíria do Tejo,ACeS Lezíria,78,103,113,135,123,117,111,171,185,197,193,202,187,212,207,177,137,201,2867
1414,Rio Maior,H,Rio Maior,79,Lisboa e Vale do Tejo,Lezíria do Tejo,ACeS Lezíria,378,450,518,561,630,591,622,677,737,796,699,695,630,585,553,446,343,249,10239
1414,Rio Maior,M,Rio Maior,80,Lisboa e Vale do Tejo,Lezíria do Tejo,ACeS Lezíria,369,450,477,513,533,498,514,644,725,828,785,780,717,710,632,564,475,471,10765
1415,Salvaterra de Magos,H,Salvaterra de Magos,73,Lisboa e Vale do Tejo,Lezíria do Tejo,ACeS Lezíria,326,448,508,571,559,488,485,571,755,862,753,751,702,702,661,497,374,271,10357
1415,Salvaterra de Magos,M,Salvaterra de Magos,73,Lisboa e Vale do Tejo,Lezíria do Tejo,ACeS Lezíria,322,419,521,559,535,429,450,640,745,835,811,807,803,730,745,665,564,597,11250
1416,Santarém,H,Santarém,185,Lisboa e Vale do Tejo,Lezíria do Tejo,ACeS Lezíria,917,1228,1480,1624,1596,1303,1364,1613,2009,2189,1990,1926,1901,1725,1614,1254,964,831,27713
1416,Santarém,M,Santarém,194,Lisboa e Vale do Tejo,Lezíria do Tejo,ACeS Lezíria,879,1231,1408,1456,1391,1271,1354,1759,2155,2368,2122,2233,2118,2003,1985,1748,1521,1753,30949
1201,Alter do Chão,H,Alter do Chão,5,Alentejo,Alto Alentejo,ULS Norte Alentejano,38,60,57,61,59,56,53,75,85,78,87,115,110,112,105,76,65,93,1390
1201,Alter do Chão,M,Alter do Chão,15,Alentejo,Alto Alentejo,ULS Norte Alentejano,42,57,62,72,67,54,56,72,90,88,95,129,118,113,107,113,122,182,1654
1202,Arronches,H,Arronches,11,Alentejo,Alto Alentejo,ULS Norte Alentejano,45,42,57,64,69,68,67,77,83,99,115,97,113,87,65,79,68,73,1379
1202,Arronches,M,Arronches,3,Alentejo,Alto Alentejo,ULS Norte Alentejano,42,50,48,43,61,44,60,84,78,94,102,112,82,82,92,97,107,129,1410
1203,Avis,H,Avis,13,Alentejo,Alto Alentejo,ULS Norte Alentejano,53,79,65,59,89,74,81,82,115,141,114,128,166,136,121,99,98,78,1791
1203,Avis,M,Avis,14,Alentejo,Alto Alentejo,ULS Norte Alentejano,56,70,78,97,85,80,80,91,113,127,134,126,152,156,154,129,122,157,2021
1204,Campo Maior,H,Campo Maior,42,Alentejo,Alto Alentejo,ULS Norte Alentejano,126,197,232,240,227,210,191,229,286,321,273,253,219,237,187,167,122,117,3876
1204,Campo Maior,M,Campo Maior,37,Alentejo,Alto Alentejo,ULS Norte Alentejano,129,211,208,217,213,167,213,266,291,295,293,263,266,282,236,228,174,177,4166
1205,Castelo de Vide,H,Castelo de Vide,11,Alentejo,Alto Alentejo,ULS Norte Alentejano,41,52,58,54,80,60,50,73,87,103,113,121,100,120,109,83,80,101,1496
1205,Castelo de Vide,M,Castelo de Vide,6,Alentejo,Alto Alentejo,ULS Norte Alentejano,44,40,43,60,52,62,52,77,89,105,131,110,130,120,101,118,117,163,1620
1206,Crato,H,Crato,8,Alentejo,Alto Alentejo,ULS Norte Alentejano,41,47,43,63,64,42,61,50,102,85,117,126,119,118,120,117,81,81,1485
1206,Crato,M,Crato,10,Alentejo,Alto Alentejo,ULS Norte Alentejano,37,54,48,52,55,54,35,75,80,118,100,131,119,133,174,134,138,193,1740
1207,Elvas,H,Elvas,72,Alentejo,Alto Alentejo,ULS Norte Alentejano,367,493,558,558,536,486,490,551,664,706,737,753,732,595,534,393,328,320,9873
1207,Elvas,M,Elvas,82,Alentejo,Alto Alentejo,ULS Norte Alentejano,341,467,512,546,528,515,529,605,676,730,816,815,811,625,640,530,498,591,10857
1208,Fronteira,M,Fronteira,8,Alentejo,Alto Alentejo,ULS Norte Alentejano,34,45,50,55,60,45,58,79,103,88,90,111,113,130,108,101,96,128,1502
1208,Fronteira,H,Fronteira,13,Alentejo,Alto Alentejo,ULS Norte Alentejano,35,48,65,74,56,47,62,64,91,81,91,111,124,107,89,78,60,60,1356
1209,Gavião,H,Gavião,4,Alentejo,Alto Alentejo,ULS Norte Alentejano,35,43,60,64,55,53,44,69,81,112,114,132,129,135,107,113,113,118,1581
1209,Gavião,M,Gavião,9,Alentejo,Alto Alentejo,ULS Norte Alentejano,28,40,46,55,60,51,44,67,80,114,96,121,160,127,147,167,158,243,1813
1210,Marvão,M,Marvão,10,Alentejo,Alto Alentejo,ULS Norte Alentejano,52,44,52,50,59,53,61,65,96,105,109,116,118,110,129,102,99,149,1579
1210,Marvão,H,Marvão,6,Alentejo,Alto Alentejo,ULS Norte Alentejano,33,48,43,61,56,50,55,78,71,96,109,132,119,126,99,89,70,101,1442
1211,Monforte,H,Monforte,9,Alentejo,Alto Alentejo,ULS Norte Alentejano,59,64,79,88,61,71,54,64,98,91,100,103,97,78,78,60,70,84,1408
1211,Monforte,M,Monforte,16,Alentejo,Alto Alentejo,ULS Norte Alentejano,47,68,72,92,83,76,81,72,90,100,87,110,99,97,86,83,106,119,1584
1212,Nisa,H,Nisa,12,Alentejo,Alto Alentejo,ULS Norte Alentejano,55,65,94,106,124,79,108,123,165,194,196,248,221,238,243,189,154,190,2804
1212,Nisa,M,Nisa,12,Alentejo,Alto Alentejo,ULS Norte Alentejano,48,81,88,125,116,88,89,98,175,163,213,227,214,242,270,269,278,352,3148
1213,Ponte de Sor,H,Ponte de Sor,33,Alentejo,Alto Alentejo,ULS Norte Alentejano,228,290,319,351,345,352,361,389,468,544,523,578,636,539,427,334,299,311,7327
1213,Ponte de Sor,M,Ponte de Sor,55,Alentejo,Alto Alentejo,ULS Norte Alentejano,226,286,281,335,352,314,313,388,489,537,564,621,607,558,518,455,452,570,7921
1214,Portalegre,H,Portalegre,61,Alentejo,Alto Alentejo,ULS Norte Alentejano,335,458,505,564,537,476,480,636,771,822,713,772,782,729,658,475,404,414,10592
1214,Portalegre,M,Portalegre,95,Alentejo,Alto Alentejo,ULS Norte Alentejano,334,441,504,540,564,404,457,673,818,867,835,864,904,845,771,645,546,641,11748
1215,Sousel,H,Sousel,16,Alentejo,Alto Alentejo,ULS Norte Alentejano,53,83,92,93,112,77,80,100,143,148,154,152,137,139,118,95,104,131,2027
1215,Sousel,M,Sousel,14,Alentejo,Alto Alentejo,ULS Norte Alentejano,66,73,89,88,99,84,76,119,150,150,151,153,165,138,181,161,164,212,2333
0701,Alandroal,H,Alandroal,13,Alentejo,Alentejo Central,ACeS Alentejo Central,55,88,87,98,111,95,108,146,153,183,188,210,210,155,138,131,130,133,2432
0701,Alandroal,M,Alandroal,14,Alentejo,Alentejo Central,ACeS Alentejo Central,58,79,116,86,102,85,103,129,151,159,193,198,188,184,170,154,198,215,2582
0702,Arraiolos,H,Arraiolos,20,Alentejo,Alentejo Central,ACeS Alentejo Central,96,136,133,154,159,142,148,211,228,249,223,292,216,218,186,146,141,133,3231
0702,Arraiolos,M,Arraiolos,12,Alentejo,Alentejo Central,ACeS Alentejo Central,88,122,129,146,148,122,130,188,231,278,216,256,230,240,235,180,188,236,3375
0703,Borba,H,Borba,22,Alentejo,Alentejo Central,ACeS Alentejo Central,103,108,131,123,168,134,128,143,203,244,266,297,228,205,201,120,170,155,3149
0703,Borba,M,Borba,22,Alentejo,Alentejo Central,ACeS Alentejo Central,98,138,128,140,121,111,157,151,207,250,253,253,235,196,207,180,214,218,3279
0704,Estremoz,H,Estremoz,48,Alentejo,Alentejo Central,ACeS Alentejo Central,208,231,245,282,312,268,285,343,383,428,495,506,424,388,311,264,274,324,6019
0704,Estremoz,M,Estremoz,49,Alentejo,Alentejo Central,ACeS Alentejo Central,179,231,257,277,265,260,318,309,412,467,536,533,446,423,370,416,437,476,6661
0705,Évora,M,Évora,198,Alentejo,Alentejo Central,ACeS Alentejo Central,847,1047,1255,1306,1402,1293,1404,1718,2154,2097,2086,2079,1940,1883,1671,1252,1148,1352,28132
0705,Évora,H,Évora,217,Alentejo,Alentejo Central,ACeS Alentejo Central,965,1232,1323,1442,1466,1343,1421,1655,1960,1880,1767,1734,1717,1631,1317,909,713,753,25445
0706,Montemor-o-Novo,H,Montemor-o-Novo,52,Alentejo,Alentejo Central,ACeS Alentejo Central,235,321,328,353,354,346,354,474,543,554,531,528,547,498,461,386,339,389,7593
0706,Montemor-o-Novo,M,Montemor-o-Novo,43,Alentejo,Alentejo Central,ACeS Alentejo Central,223,297,319,364,340,296,366,464,554,581,523,538,592,548,566,540,490,562,8206
0707,Mora,H,Mora,6,Alentejo,Alentejo Central,ACeS Alentejo Central,52,64,68,79,92,71,74,85,119,113,127,151,169,195,156,113,114,126,1974
0707,Mora,M,Mora,11,Alentejo,Alentejo Central,ACeS Alentejo Central,48,52,67,74,72,69,65,104,111,114,131,142,202,189,175,154,178,203,2161
0708,Mourão,H,Mourão,13,Alentejo,Alentejo Central,ACeS Alentejo Central,38,58,58,63,69,57,59,60,65,75,93,89,94,89,63,49,58,38,1188
0708,Mourão,M,Mourão,6,Alentejo,Alentejo Central,ACeS Alentejo Central,41,47,60,61,45,49,51,55,68,74,83,84,78,89,68,56,74,74,1163
0709,Portel,H,Portel,20,Alentejo,Alentejo Central,ACeS Alentejo Central,89,111,129,132,173,122,151,159,187,206,208,217,208,191,170,126,117,95,2811
0709,Portel,M,Portel,19,Alentejo,Alentejo Central,ACeS Alentejo Central,78,88,132,115,136,117,133,166,174,211,221,193,195,209,216,173,169,191,2936
0710,Redondo,H,Redondo,13,Alentejo,Alentejo Central,ACeS Alentejo Central,85,123,138,149,170,147,157,181,229,227,249,242,217,204,168,114,139,124,3076
0710,Redondo,M,Redondo,10,Alentejo,Alentejo Central,ACeS Alentejo Central,94,134,111,155,134,132,156,173,227,226,228,212,233,215,190,200,164,216,3210
0711,Reguengos de Monsaraz,H,Reguengos de Monsaraz,45,Alentejo,Alentejo Central,ACeS Alentejo Central,150,195,243,282,246,216,241,270,332,366,361,357,376,306,250,203,177,162,4778
0711,Reguengos de Monsaraz,M,Reguengos de Monsaraz,43,Alentejo,Alentejo Central,ACeS Alentejo Central,150,193,196,214,238,221,237,280,343,383,343,353,370,336,304,281,268,340,5093
0712,Vendas Novas,H,Vendas Novas,37,Alentejo,Alentejo Central,ACeS Alentejo Central,168,240,270,312,293,263,248,314,386,420,370,331,327,308,346,326,241,206,5406
0712,Vendas Novas,M,Vendas Novas,39,Alentejo,Alentejo Central,ACeS Alentejo Central,143,222,247,269,278,225,226,292,421,479,407,360,338,370,470,395,334,324,5839
0713,Viana do Alentejo,H,Viana do Alentejo,21,Alentejo,Alentejo Central,ACeS Alentejo Central,92,98,129,149,129,108,151,160,170,184,176,191,197,149,126,102,106,98,2536
0713,Viana do Alentejo,M,Viana do Alentejo,19,Alentejo,Alentejo Central,ACeS Alentejo Central,95,114,116,128,130,114,129,152,175,215,185,206,195,145,157,179,157,171,2782
0714,Vila Viçosa,H,Vila Viçosa,20,Alentejo,Alentejo Central,ACeS Alentejo Central,94,144,170,162,183,161,182,214,229,271,287,307,305,245,172,149,138,131,3564
0714,Vila Viçosa,M,Vila Viçosa,24,Alentejo,Alentejo Central,ACeS Alentejo Central,100,134,122,192,169,158,141,216,244,280,293,325,314,259,242,201,215,194,3823
0801,Albufeira,H,Albufeira,187,Algarve,Algarve,ACeS Central,824,986,1166,1205,1251,1404,1383,1500,1738,1739,1532,1545,1432,1255,1036,688,442,312,21625
0801,Albufeira,M,Albufeira,170,Algarve,Algarve,ACeS Central,767,946,1055,1049,1134,1296,1427,1545,1864,1839,1859,1759,1545,1305,1026,743,559,651,22539
0802,Alcoutim,H,Alcoutim,6,Algarve,Algarve,ACeS Sotavento,19,29,29,36,53,42,32,38,68,75,77,98,95,108,122,112,89,108,1236
0802,Alcoutim,M,Alcoutim,0,Algarve,Algarve,ACeS Sotavento,21,22,32,44,35,30,34,38,55,61,78,80,97,125,138,111,131,155,1287
0803,Aljezur,M,Aljezur,19,Algarve,Algarve,ACeS Barlavento,117,121,116,108,120,134,155,179,223,241,211,210,208,195,198,155,142,174,3026
0803,Aljezur,H,Aljezur,17,Algarve,Algarve,ACeS Barlavento,94,132,158,127,126,142,169,199,215,236,207,204,231,203,182,137,129,111,3019
0804,Castro Marim,H,Castro Marim,20,Algarve,Algarve,ACeS Sotavento,92,107,123,122,147,128,143,178,168,215,220,238,253,276,265,185,141,142,3163
0804,Castro Marim,M,Castro Marim,12,Algarve,Algarve,ACeS Sotavento,103,118,130,135,141,119,148,146,179,231,245,218,267,244,249,218,152,221,3276
0805,Faro,H,Faro,270,Algarve,Algarve,ACeS Central,1305,1526,1567,1722,1858,1904,1869,2263,2483,2611,2262,2033,2040,1859,1707,1284,877,699,32139
0805,Faro,M,Faro,270,Algarve,Algarve,ACeS Central,1219,1409,1627,1644,1800,1818,1993,2380,2726,2744,2598,2384,2461,2238,1971,1460,1251,1490,35483
0806,Lagoa,H,Lagoa,106,Algarve,Algarve,ACeS Barlavento,391,550,624,651,612,563,605,691,762,908,866,836,839,804,746,493,326,233,11606
0806,Lagoa,M,Lagoa,74,Algarve,Algarve,ACeS Barlavento,401,484,590,589,625,540,628,708,855,956,925,945,848,856,709,533,392,461,12119
0807,Lagos,H,Lagos,99,Algarve,Algarve,ACeS Barlavento,537,737,838,878,826,767,881,881,1208,1153,1153,1215,1219,1245,1050,715,464,401,16267
0807,Lagos,M,Lagos,109,Algarve,Algarve,ACeS Barlavento,540,674,763,760,814,800,855,1015,1194,1333,1232,1357,1367,1280,1048,788,611,687,17227
0808,Loulé,H,Loulé,316,Algarve,Algarve,ACeS Central,1226,1674,1765,1790,1821,1820,1953,2241,2607,2742,2445,2343,2415,2236,2027,1520,1074,961,34976
0808,Loulé,M,Loulé,267,Algarve,Algarve,ACeS Central,1217,1606,1703,1728,1705,1806,1987,2478,2789,2921,2722,2784,2551,2448,2083,1667,1348,1546,37356
0809,Monchique,H,Monchique,18,Algarve,Algarve,ACeS Barlavento,80,77,112,90,107,101,114,115,159,175,204,247,245,234,202,149,169,140,2738
0809,Monchique,M,Monchique,14,Algarve,Algarve,ACeS Barlavento,71,96,82,95,113,106,117,132,145,167,184,232,225,196,203,172,187,187,2724
0810,Olhão,H,Olhão,173,Algarve,Algarve,ACeS Central,823,1128,1238,1239,1101,1107,1154,1451,1674,1795,1500,1412,1368,1345,1321,968,601,422,21820
0810,Olhão,M,Olhão,170,Algarve,Algarve,ACeS Central,773,968,1109,1166,1048,1052,1170,1484,1820,1856,1603,1541,1460,1502,1427,1097,780,768,22794
0811,Portimão,H,Portimão,235,Algarve,Algarve,ACeS Barlavento,1151,1460,1522,1653,1507,1526,1730,1965,2152,2250,1982,1800,1773,1821,1605,1163,771,672,28738
0811,Portimão,M,Portimão,263,Algarve,Algarve,ACeS Barlavento,1039,1433,1464,1451,1427,1505,1721,2161,2395,2561,2183,2052,2053,2066,1803,1265,1032,1233,31107
0812,São Brás de Alportel,H,São Brás de Alportel,49,Algarve,Algarve,ACeS Central,196,254,280,290,260,236,282,340,381,438,377,376,352,377,337,233,194,174,5426
0812,São Brás de Alportel,M,São Brás de Alportel,42,Algarve,Algarve,ACeS Central,182,253,247,235,245,264,307,343,424,481,430,382,376,403,351,296,259,302,5822
0813,Silves,H,Silves,157,Algarve,Algarve,ACeS Barlavento,678,850,925,897,894,876,1001,1241,1438,1362,1250,1324,1291,1316,1177,784,607,519,18587
0813,Silves,M,Silves,153,Algarve,Algarve,ACeS Barlavento,622,846,876,837,802,901,960,1263,1451,1414,1301,1393,1327,1274,1085,992,808,874,19179
0814,Tavira,H,Tavira,85,Algarve,Algarve,ACeS Sotavento,392,539,617,641,612,610,660,811,897,998,927,949,1013,1165,1017,720,487,439,13579
0814,Tavira,M,Tavira,88,Algarve,Algarve,ACeS Sotavento,396,476,606,585,551,498,625,780,977,969,1028,1037,1092,1105,1052,803,594,682,13944
0815,Vila do Bispo,H,Vila do Bispo,20,Algarve,Algarve,ACeS Barlavento,92,128,122,123,98,119,162,147,208,207,226,203,199,218,188,143,99,90,2792
0815,Vila do Bispo,M,Vila do Bispo,25,Algarve,Algarve,ACeS Barlavento,94,139,109,121,110,116,161,185,217,203,198,206,201,223,182,171,113,151,2925
0816,Vila Real de Santo António,H,Vila Real de Santo António,63,Algarve,Algarve,ACeS Sotavento,313,394,487,514,452,433,448,551,600,658,622,583,654,718,656,440,275,203,9064
0816,Vila Real de Santo António,M,Vila Real de Santo António,62,Algarve,Algarve,ACeS Sotavento,289,400,514,497,412,428,470,560,703,726,660,681,729,713,678,476,373,389,9760
4301,Angra do Heroísmo,H,Angra do Heroísmo,139,Açores,Região Autónoma dos Açores,USI Terceira,541,735,852,933,959,955,1118,1218,1312,1299,1217,1229,1101,998,729,483,323,226,16367
4301,Angra do Heroísmo,M,Angra do Heroísmo,128,Açores,Região Autónoma dos Açores,USI Terceira,537,756,806,907,963,952,1112,1214,1287,1307,1234,1256,1193,1087,841,712,528,584,17404
4501,Calheta,H,Calheta [R.A. Açores],15,Açores,Região Autónoma dos Açores,USI São Jorge,53,81,81,92,88,86,100,121,131,127,134,119,116,104,87,74,51,47,1707
4501,Calheta,M,Calheta [R.A. Açores],5,Açores,Região Autónoma dos Açores,USI São Jorge,46,68,78,93,71,86,88,125,121,126,120,119,134,109,108,95,69,69,1730
4901,Corvo,H,Corvo,1,Açores,Região Autónoma dos Açores,USI Corvo,5,6,14,14,15,8,9,18,23,21,11,19,13,10,10,3,5,0,205
4901,Corvo,M,Corvo,2,Açores,Região Autónoma dos Açores,USI Corvo,5,9,7,9,7,7,14,17,19,18,11,9,14,10,6,10,2,3,179
4701,Horta,H,Horta,57,Açores,Região Autónoma dos Açores,USI Faial,248,329,379,400,399,347,399,484,596,589,542,538,454,416,331,235,150,96,6989
4701,Horta,M,Horta,63,Açores,Região Autónoma dos Açores,USI Faial,208,310,335,344,375,371,435,507,627,576,544,532,486,443,423,324,221,218,7342
4201,Lagoa,H,Lagoa [R.A. Açores],77,Açores,Região Autónoma dos Açores,USI São Miguel,284,406,462,475,482,470,499,490,639,560,510,487,351,294,228,131,80,51,6976
4201,Lagoa,M,Lagoa [R.A. Açores],67,Açores,Região Autónoma dos Açores,USI São Miguel,267,340,442,516,454,410,505,521,631,633,513,474,404,304,250,213,140,129,7213
4801,Lajes das Flores,H,Lajes das Flores,7,Açores,Região Autónoma dos Açores,USI Flores,23,20,37,39,39,42,43,46,48,69,59,68,57,42,23,38,19,11,730
4801,Lajes das Flores,M,Lajes das Flores,5,Açores,Região Autónoma dos Açores,USI Flores,16,22,27,31,44,31,39,41,64,46,54,41,58,43,45,32,21,18,678
4601,Lajes do Pico,H,Lajes do Pico,15,Açores,Região Autónoma dos Açores,USI Pico,71,89,112,103,103,103,108,131,156,163,175,190,145,142,123,95,58,44,2126
4601,Lajes do Pico,M,Lajes do Pico,22,Açores,Região Autónoma dos Açores,USI Pico,57,81,87,95,115,100,109,137,168,162,158,155,151,153,134,138,90,102,2214
4602,Madalena,H,Madalena,23,Açores,Região Autónoma dos Açores,USI Pico,119,154,153,168,158,163,204,203,269,265,224,257,189,186,137,83,69,55,3079
4602,Madalena,M,Madalena,28,Açores,Região Autónoma dos Açores,USI Pico,114,162,130,155,172,168,216,223,243,252,210,232,203,170,169,125,115,153,3240
4202,Nordeste,H,Nordeste,13,Açores,Região Autónoma dos Açores,USI São Miguel,81,89,117,129,130,123,132,113,163,174,161,169,155,146,102,60,48,49,2154
4202,Nordeste,M,Nordeste,13,Açores,Região Autónoma dos Açores,USI São Miguel,57,85,121,125,131,118,108,144,149,154,176,158,156,128,114,95,82,100,2214
4203,Ponta Delgada,H,Ponta Delgada,289,Açores,Região Autónoma dos Açores,USI São Miguel,1230,1568,1828,2038,2171,2119,2257,2516,2815,2614,2405,2274,2093,1568,1147,777,397,279,32385
4203,Ponta Delgada,M,Ponta Delgada,277,Açores,Região Autónoma dos Açores,USI São Miguel,1130,1543,1765,1931,2140,2155,2252,2634,2933,2844,2497,2560,2249,1698,1449,1117,782,888,34844
4204,Povoação,H,Povoação,21,Açores,Região Autónoma dos Açores,USI São Miguel,86,145,149,187,177,171,186,174,227,219,233,245,200,135,123,77,55,40,2850
4204,Povoação,M,Povoação,17,Açores,Região Autónoma dos Açores,USI São Miguel,90,119,150,170,190,164,188,185,210,231,233,225,198,160,132,111,94,74,2941
4205,Ribeira Grande,H,Ribeira Grande,141,Açores,Região Autónoma dos Açores,USI São Miguel,790,922,1136,1166,1177,1054,1122,1278,1329,1268,1042,943,823,601,341,227,126,119,15605
4205,Ribeira Grande,M,Ribeira Grande,144,Açores,Região Autónoma dos Açores,USI São Miguel,696,897,1179,1097,1025,1010,1131,1256,1393,1180,1010,984,854,588,423,352,260,304,15783
4401,Santa Cruz da Graciosa,H,Santa Cruz da Graciosa,15,Açores,Região Autónoma dos Açores,USI Graciosa,77,99,126,103,116,108,130,119,163,136,131,151,156,123,104,65,63,35,2020
4401,Santa Cruz da Graciosa,M,Santa Cruz da Graciosa,17,Açores,Região Autónoma dos Açores,USI Graciosa,69,104,84,96,109,109,124,140,156,131,124,167,140,130,105,100,77,88,2070
4802,Santa Cruz das Flores,H,Santa Cruz das Flores,7,Açores,Região Autónoma dos Açores,USI Flores,41,56,41,33,53,47,74,75,93,88,67,89,79,55,38,35,27,12,1010
4802,Santa Cruz das Flores,M,Santa Cruz das Flores,9,Açores,Região Autónoma dos Açores,USI Flores,35,44,45,48,53,52,66,69,83,66,75,78,67,66,49,34,43,28,1010
4603,São Roque do Pico,H,São Roque do Pico,13,Açores,Região Autónoma dos Açores,USI Pico,55,70,73,78,66,83,116,104,131,128,108,133,115,87,90,49,39,33,1571
4603,São Roque do Pico,M,São Roque do Pico,9,Açores,Região Autónoma dos Açores,USI Pico,52,84,69,65,63,80,111,102,118,128,120,132,130,93,89,74,53,77,1649
4502,Velas,H,Velas,26,Açores,Região Autónoma dos Açores,USI São Jorge,77,112,130,119,124,136,145,169,215,188,186,198,166,148,111,93,64,36,2443
4502,Velas,M,Velas,14,Açores,Região Autónoma dos Açores,USI São Jorge,74,87,98,112,127,128,151,152,205,200,186,191,189,140,127,117,100,95,2493
4302,Vila da Praia da Vitória,H,Vila da Praia da Vitória,76,Açores,Região Autónoma dos Açores,USI Terceira,366,429,467,547,569,515,624,754,764,639,705,764,734,565,415,276,177,110,9496
4302,Vila da Praia da Vitória,M,Vila da Praia da Vitória,73,Açores,Região Autónoma dos Açores,USI Terceira,322,441,458,480,537,564,606,722,779,752,687,780,737,635,474,384,295,241,9967
4101,Vila do Porto,H,Vila do Porto,25,Açores,Região Autónoma dos Açores,USI Santa Maria,102,121,137,143,166,168,151,183,239,200,189,183,217,138,95,66,39,28,2590
4101,Vila do Porto,M,Vila do Porto,19,Açores,Região Autónoma dos Açores,USI Santa Maria,108,116,144,155,155,165,166,200,215,196,207,208,183,177,132,90,83,97,2816
4206,Vila Franca do Campo,H,Vila Franca do Campo,35,Açores,Região Autónoma dos Açores,USI São Miguel,187,282,305,322,370,369,365,341,391,399,384,399,318,285,186,114,76,49,5177
4206,Vila Franca do Campo,M,Vila Franca do Campo,38,Açores,Região Autónoma dos Açores,USI São Miguel,155,235,294,285,343,346,314,365,432,421,381,358,350,240,206,158,115,110,5146
3101,Calheta,H,Calheta [R.A. Madeira],27,Madeira,Região Autónoma da Madeira,ACeS Madeira Oeste,153,238,241,311,299,221,242,311,382,401,432,409,342,289,277,200,130,105,5010
3101,Calheta,M,Calheta [R.A. Madeira],37,Madeira,Região Autónoma da Madeira,ACeS Madeira Oeste,144,179,260,280,252,213,265,316,356,447,435,480,474,396,404,354,298,315,5905
3102,Câmara de Lobos,H,Câmara de Lobos,150,Madeira,Região Autónoma da Madeira,ACeS Madeira Oeste,609,757,941,1116,1111,977,958,1050,1219,1378,1255,1154,878,674,521,309,198,133,15388
3102,Câmara de Lobos,M,Câmara de Lobos,147,Madeira,Região Autónoma da Madeira,ACeS Madeira Oeste,605,737,898,1010,1117,981,929,1103,1199,1321,1287,1338,1088,905,740,569,422,378,16774
3103,Funchal,H,Funchal,346,Madeira,Região Autónoma da Madeira,ACeS Funchal,1534,2027,2565,2805,2901,2548,2633,3213,3734,3999,3979,4194,3687,2997,2437,1696,1050,800,49145
3103,Funchal,M,Funchal,345,Madeira,Região Autónoma da Madeira,ACeS Funchal,1487,1977,2366,2735,2684,2573,2664,3490,4033,4502,4547,4964,4387,3846,3335,2625,2019,2058,56637
3104,Machico,H,Machico,65,Madeira,Região Autónoma da Madeira,ACeS Madeira Este,258,363,469,608,587,510,484,602,711,859,811,831,732,597,409,281,185,116,9478
3104,Machico,M,Machico,56,Madeira,Região Autónoma da Madeira,ACeS Madeira Este,255,342,408,539,558,426,473,555,712,811,844,902,801,739,521,458,355,360,10115
3105,Ponta do Sol,H,Ponta do Sol,28,Madeira,Região Autónoma da Madeira,ACeS Madeira Oeste,119,158,220,274,245,207,215,208,288,331,304,329,240,231,183,141,82,56,3859
3105,Ponta do Sol,M,Ponta do Sol,23,Madeira,Região Autónoma da Madeira,ACeS Madeira Oeste,110,178,204,260,251,213,179,231,346,323,389,354,317,262,237,273,195,156,4501
3106,Porto Moniz,H,Porto Moniz,6,Madeira,Região Autónoma da Madeira,ACeS Madeira Oeste,24,52,51,59,57,60,66,68,75,96,83,93,85,77,72,44,30,23,1121
3106,Porto Moniz,M,Porto Moniz,4,Madeira,Região Autónoma da Madeira,ACeS Madeira Oeste,19,34,44,67,76,36,49,71,85,72,102,126,111,120,121,88,85,86,1396
3201,Porto Santo,H,Porto Santo,12,Madeira,Região Autónoma da Madeira,ACeS Porto Santo,53,106,119,156,137,131,136,183,181,211,215,240,226,164,113,73,44,36,2536
3201,Porto Santo,M,Porto Santo,13,Madeira,Região Autónoma da Madeira,ACeS Porto Santo,67,91,121,117,137,124,115,189,192,221,220,251,216,163,128,88,83,77,2613
3107,Ribeira Brava,H,Ribeira Brava,43,Madeira,Região Autónoma da Madeira,ACeS Madeira Oeste,208,256,314,426,357,313,299,381,447,505,486,429,369,339,238,168,103,86,5767
3107,Ribeira Brava,M,Ribeira Brava,38,Madeira,Região Autónoma da Madeira,ACeS Madeira Oeste,191,250,312,397,402,316,321,395,459,532,535,579,482,404,401,346,276,277,6913
3108,Santa Cruz,H,Santa Cruz,160,Madeira,Região Autónoma da Madeira,ACeS Madeira Este,795,1013,1235,1257,1117,1058,1146,1502,1940,1944,1738,1555,1139,955,696,452,279,171,20152
3108,Santa Cruz,M,Santa Cruz,149,Madeira,Região Autónoma da Madeira,ACeS Madeira Este,763,1012,1187,1219,1117,1072,1259,1626,2111,2034,1800,1650,1381,1092,823,640,548,533,22016
3109,Santana,H,Santana,11,Madeira,Região Autónoma da Madeira,ACeS Madeira Este,96,108,130,156,167,125,156,190,212,215,230,284,237,214,172,113,89,68,2973
3109,Santana,M,Santana,16,Madeira,Região Autónoma da Madeira,ACeS Madeira Este,77,93,121,169,165,130,137,151,211,223,235,348,290,278,242,260,205,229,3580
3110,São Vicente,H,São Vicente,21,Madeira,Região Autónoma da Madeira,ACeS Madeira Oeste,50,87,116,138,115,125,116,125,163,158,156,187,199,150,135,108,55,52,2256
3110,São Vicente,M,São Vicente,9,Madeira,Região Autónoma da Madeira,ACeS Madeira Oeste,61,83,91,117,121,102,109,134,150,163,186,230,222,224,174,164,132,137,2609
